Account Number,Member ID,Date of Birth,Age,FICO,Co-Borrower,Co-Borrower FICO,Member Since,Applied At,New/Used Vehicle,Fixed or Variable Rate,Current Balance,Funded Amount,Member Yearly Salary,Interest Rate:,Funded Date:,Maturity Date:,Vehicle Type,Vehicle Year,Vehicle Value:,Delinquent:,Write-Offs,,,,,,,,,
975681411,492770086,35839,20,610,No,-,40899,Dealer,Used,V,2727.985177,21579.4818,17691,0.055,40899,43454,Economy,2002,20167.74,N,Y,,,,,,,,,
286018032,229403593,36140,20,687,No,-,40839,Branch,Used,V,3122.429369,30693.3,17292,0.065,40839,43394,Economy,2010,24554.64,Y,Y,,,,,,,,,
433578121,473520657,32448,30,637,Yes,640,36597,Dealer,Used,F,3160.8265,44598.62,27770,0.055,40757,43312,SUV,1999,40544.2,Y,Y,,,,,,,,,
670028031,283450695,36145,19,636,No,-,40917,Dealer,New,F,3190.043051,22127.7744,16794,0.065,40917,43472,Economy,2012,18137.52,Y,Y,,,,,,,,,
671452956,397241607,34372,24,664,No,-,40088,Dealer,Used,F,3253.847264,50361.7169,31009,0.055,41114,43304,Truck,2009,46203.41,Y,Y,,,,,,,,,
792787001,447900560,31255,33,621,No,-,38195,Branch,Used,F,3390.187655,23516.08,29995,0.065,40930,43485,SUV,2000,20996.5,Y,Y,,,,,,,,,
421891141,691551141,32416,30,641,No,-,40438,Dealer,New,F,3486.637316,39878.4573,32749,0.065,40812,43367,Luxury Sedan,2011,32421.51,Y,Y,,,,,,,,,
325356067,145080238,34641,24,573,No,-,40029,Branch,New,F,3612.955306,58048.8728,35908,0.105,40745,43300,SUV,2011,49193.96,Y,Y,,,,,,,,,
747731920,638740017,32756,29,565,No,-,39097,Dealer,Used,V,3615.082917,24386.7873,26197,0.095,40937,43492,Mini-Van,2009,22791.39,Y,Y,,,,,,,,,
696050310,772551121,35871,20,647,No,-,41189,Dealer,Used,F,3651.072664,31692.5136,18576,0.065,41539,43364,SUV,1994,26192.16,Y,Y,,,,,,,,,
619029128,319580797,35083,22,657,No,-,39691,Branch,Used,F,3731.806065,48329.3568,30697,0.065,41461,43286,Economy,2007,39292.16,Y,Y,,,,,,,,,
770780668,622180935,34440,24,647,No,-,40451,Branch,New,F,3788.091799,47011.426,35914,0.055,41144,43334,SUV,2012,42737.66,N,Y,,,,,,,,,
442182211,765659023,31140,33,804,No,-,35686,Dealer,New,F,3795.945788,34675.668,34380,0.0475,41207,43397,Mini-Van,2012,28191.6,N,Y,,,,,,,,,
396411230,215391911,34201,25,664,No,-,38388,Branch,Used,F,3906.261509,26524.125,24390,0.065,41266,43456,Luxury Sedan,1996,21219.3,N,Y,,,,,,,,,
610540721,521072987,35311,22,698,No,-,39257,Dealer,New,F,3941.689245,39825.2064,23568,0.065,41176,43366,Economy,2012,33466.56,Y,Y,,,,,,,,,
634608665,836330713,30796,34,651,No,-,36139,Dealer,Used,F,3966.830258,45370.67,38515,0.065,40815,43370,Mini-Van,1993,36589.25,Y,Y,,,,,,,,,
649525428,824761609,34413,24,676,No,-,39624,Branch,Used,V,3984.435183,34586.2101,38519,0.065,41522,43347,Truck,2005,28118.87,N,Y,,,,,,,,,
400712317,279070511,33459,27,635,No,-,40678,Branch,Used,F,4052.575878,32057.5376,34367,0.055,40891,43446,Luxury Sedan,1995,30242.96,N,Y,,,,,,,,,
982999100,185892048,27543,43,676,No,-,36554,Branch,Used,F,4075.828182,35151.1875,40755,0.065,40853,43408,Luxury Sedan,1995,30566.25,Y,Y,,,,,,,,,
510799723,278520131,32250,30,551,No,-,40788,Dealer,New,F,4139.638612,44652.9083,40553,0.105,40788,43343,Mini-Van,2011,36903.23,Y,Y,,,,,,,,,
656199520,329341552,34897,23,674,No,-,38860,Dealer,Used,F,4155.589851,36071.889,22246,0.065,41518,43343,Economy,1994,31366.86,Y,Y,,,,,,,,,
765474331,551482180,30614,35,663,No,-,41466,Branch,Used,F,4196.310689,55552.9464,35652,0.055,41466,43291,Economy,1998,52408.44,Y,Y,,,,,,,,,
788123273,674300944,34761,23,658,No,-,40951,Branch,New,F,4505.218682,29291.0904,41093,0.055,40951,43506,Muscle/Sport,2012,27121.38,Y,Y,,,,,,,,,
549913962,117452278,27373,44,677,No,-,36232,Dealer,New,V,4530.659065,39073.788,43185,0.065,40857,43412,Muscle/Sport,2011,33684.3,N,Y,,,,,,,,,
199957120,681070533,36135,20,629,No,-,41299,Branch,Used,F,4671.512807,29318.856,18640,0.055,41299,43489,SUV,2002,27400.8,Y,Y,,,,,,,,,
404941670,547141830,27810,42,669,Yes,697,34538,Dealer,Used,F,4840.187661,66253.342,38722,0.065,40772,43327,Mini-Van,1994,56146.9,Y,Y,,,,,,,,,
174691210,549180520,29866,37,622,No,-,39406,Dealer,Used,F,5051.818682,61085.4,40056,0.065,41146,43336,Mini-Van,2010,48868.32,Y,Y,,,,,,,,,
652973141,132821428,32739,29,672,No,-,38416,Dealer,Used,F,5065.367858,43685.28,26380,0.065,40853,43408,Mini-Van,1994,37987.2,Y,Y,,,,,,,,,
190046574,687902288,33291,27,666,No,-,40197,Branch,Used,F,5085.275541,37937.6202,35743,0.065,41571,43396,Economy,2001,31096.41,Y,Y,,,,,,,,,
723073887,828670740,32356,30,648,No,-,38794,Branch,New,F,5113.698066,35471.232,36048,0.065,40918,43473,Luxury Sedan,2012,29559.36,N,Y,,,,,,,,,
137015770,509370428,32606,29,626,Yes,673,39405,Branch,New,F,5143.58448,17917.0992,26103,0.055,41259,43814,Mini-Van,2012,17227.98,N,Y,,,,,,,,,
967824777,213500414,33960,25,632,No,-,41162,Branch,Used,F,5167.767041,52212.992,34624,0.065,41162,43352,Luxury Sedan,1994,45011.2,Y,Y,,,,,,,,,
365098770,770891191,31362,33,648,No,-,41543,Dealer,Used,F,5173.746445,45870.3174,29846,0.055,41543,43368,Economy,2006,42082.86,Y,Y,,,,,,,,,
494981364,865020696,32770,29,636,No,-,37822,Branch,New,F,5327.75238,47305.2136,41708,0.055,40876,43431,Economy,2011,44210.48,Y,Y,,,,,,,,,
445383601,292890081,32079,31,589,No,-,38150,Dealer,Used,F,5480.283839,45927.075,28615,0.095,40857,43412,Economy,2004,42922.5,Y,Y,,,,,,,,,
392917158,735910826,32531,29,648,No,-,41478,Branch,Used,F,5503.141789,71269.326,42615,0.065,41478,43303,Mini-Van,2006,63070.2,Y,Y,,,,,,,,,
404816302,183770227,31986,31,586,No,-,40938,Branch,Used,F,5535.564904,36330.6896,33466,0.105,40938,43493,Mini-Van,2001,30788.72,Y,Y,,,,,,,,,
651184971,548813264,31013,34,690,No,-,38894,Branch,New,F,5591.941139,56615.0905,35821,0.055,40826,43381,SUV,2011,51940.45,Y,Y,,,,,,,,,
711075634,377250619,29969,36,632,No,-,38780,Dealer,Used,F,5644.875743,48999.3812,51319,0.065,41533,43358,Mini-Van,2005,39515.63,Y,Y,,,,,,,,,
881112393,866060654,35280,22,620,No,-,40892,Dealer,Used,F,5736.918035,45381.375,32625,0.055,40892,43447,Economy,1995,42412.5,N,Y,,,,,,,,,
874498440,440742350,23682,54,697,No,-,33698,Branch,New,F,5782.937707,56845.943,43427,0.065,40825,43380,SUV,2011,47769.7,N,Y,,,,,,,,,
435635833,881370806,33963,25,640,No,-,40509,Dealer,New,F,5789.128763,31138.2165,40413,0.065,41023,43578,Truck,2012,27076.71,N,Y,,,,,,,,,
660989210,305198120,23326,55,772,Yes,794,34945,Branch,Used,F,5793.371251,35584.4412,37572,0.065,40989,43544,Mini-Van,2005,28930.44,N,Y,,,,,,,,,
520150840,848810223,25016,50,601,No,-,30829,Dealer,Used,F,5862.736854,57630.364,51770,0.065,40847,43402,Luxury Sedan,2006,47628.4,N,Y,,,,,,,,,
950589893,787161701,33075,28,661,No,-,40859,Branch,New,F,5864.783026,52073.5188,43844,0.055,40859,43414,Truck,2011,48666.84,N,Y,,,,,,,,,
413169076,578761633,32924,28,672,No,-,40391,Dealer,Used,F,5886.635049,42004.3648,32491,0.055,40924,43479,Mini-Van,2000,41588.48,N,Y,,,,,,,,,
993480368,138783707,32358,30,681,No,-,40785,Dealer,New,F,5902.09775,80788.9545,52959,0.065,40785,43340,Truck,2011,71494.65,Y,Y,,,,,,,,,
310691884,678981568,33008,28,678,No,-,37032,Branch,Used,F,5968.395237,81696.4462,49519,0.065,40783,43338,Muscle/Sport,1993,72297.74,Y,Y,,,,,,,,,
334550195,804691459,33212,28,678,No,-,37855,Dealer,Used,F,6272.136818,73916.92,47998,0.055,40812,43367,SUV,2007,67197.2,Y,Y,,,,,,,,,
855298440,714610456,35770,21,637,No,-,41070,Dealer,New,F,6408.386936,30832.05,19210,0.055,41070,43625,Economy,2012,28815,Y,Y,,,,,,,,,
292335381,909660144,24900,50,597,No,-,40485,Dealer,New,F,6534.009365,48576.276,46690,0.095,41228,43418,Luxury Sedan,2012,47623.8,N,Y,,,,,,,,,
844899844,878692216,32630,29,678,No,-,40826,Dealer,Used,F,6597.059377,64848.7119,39641,0.065,40826,43381,Mini-Van,2003,52722.53,Y,Y,,,,,,,,,
755701300,734041927,28545,40,662,No,-,32446,Branch,New,F,6830.801375,59293.6064,38927,0.065,41546,43371,Mini-Van,2013,52940.72,Y,Y,,,,,,,,,
278641902,300111159,31400,32,655,No,-,41712,Branch,New,F,6884.784053,30365.312,31112,0.065,41712,43537,SUV,2014,24889.6,Y,Y,,,,,,,,,
583711134,113823925,31295,33,684,No,-,40354,Dealer,New,V,6918.38401,94700.06,59710,0.065,40760,43315,Mini-Van,2011,77623,Y,Y,,,,,,,,,
918941850,950032242,23771,53,664,No,-,28232,Dealer,Used,F,6960.251726,61800.206,46154,0.055,40856,43411,Luxury Sedan,2003,60000.2,N,Y,,,,,,,,,
410170226,781201472,29470,38,678,No,-,38344,Dealer,Used,F,6970.508956,70427.1546,57063,0.065,41167,43357,SUV,2001,58204.26,Y,Y,,,,,,,,,
963680724,956281993,22403,57,671,No,-,33303,Dealer,Used,F,7100.810942,97197.152,60296,0.065,40778,43333,Economy,2006,78384.8,Y,Y,,,,,,,,,
397289015,279543591,23352,55,691,No,-,32193,Dealer,New,F,7101.78922,61248,55680,0.065,40871,43426,Muscle/Sport,2011,48998.4,Y,Y,,,,,,,,,
858721403,940742225,26962,45,673,No,-,37426,Dealer,Used,V,7168.592349,81990.8634,69827,0.065,40792,43347,Mini-Van,1997,71921.81,N,Y,,,,,,,,,
536531560,478250219,34195,25,572,No,-,41268,Dealer,New,F,7307.433351,19162.7604,22911,0.105,41962,43787,Luxury Sedan,2014,15579.48,N,Y,,,,,,,,,
217511183,217821340,27019,44,671,No,-,39910,Dealer,Used,F,7345.63445,77973.7355,50257,0.055,41513,43338,Mini-Van,1994,72872.65,Y,Y,,,,,,,,,
305624156,728060024,28475,40,581,No,-,36107,Branch,Used,F,7411.134237,53782.3704,52998,0.105,41232,43422,Mini-Van,2003,45578.28,Y,Y,,,,,,,,,
828225073,956321172,35599,21,647,No,-,40985,Dealer,Used,F,7415.798761,43096.3736,26629,0.065,40985,43540,Economy,2005,36215.44,Y,Y,,,,,,,,,
641929964,657223579,35551,21,688,No,-,40190,Dealer,Used,F,7437.169709,40002.5997,26469,0.065,41004,43559,Economy,2000,33615.63,Y,Y,,,,,,,,,
339611403,550979844,27161,44,850,No,-,33968,Branch,Used,F,7452.857881,77749.038,70234,0.0475,40829,43384,Mini-Van,2010,63210.6,N,Y,,,,,,,,,
171754102,755416522,27588,43,746,No,-,31346,Dealer,Used,F,7483.435212,68360.5956,45932,0.065,41211,43401,Mini-Van,2002,56496.36,N,Y,,,,,,,,,
227358235,442664148,26133,47,680,No,-,40559,Dealer,Used,F,7507.762947,90782.0988,71079,0.065,41144,43334,SUV,2008,73211.37,N,Y,,,,,,,,,
259831376,164173223,29554,38,716,No,-,33447,Dealer,Used,F,7557.414729,69113.4336,58059,0.065,40861,43416,Mini-Van,2009,55736.64,Y,Y,,,,,,,,,
787530420,709921051,35329,22,641,No,-,39680,Branch,Used,F,7685.178761,33895.4496,19808,0.065,41706,43531,Economy,1998,27335.04,Y,Y,,,,,,,,,
478914908,297660286,30498,35,563,No,-,37232,Branch,Used,F,7725.034669,95804.632,58993,0.105,41477,43302,Economy,2002,85539.85,Y,Y,,,,,,,,,
343562642,892022070,28420,41,663,No,-,32241,Branch,Used,V,7729.480289,58886.8746,37417,0.065,41236,43426,SUV,2011,48267.93,Y,Y,,,,,,,,,
875446662,646331687,32410,30,663,No,-,38447,Dealer,Used,F,7807.381659,43607.375,28595,0.065,41324,43514,Economy,1995,34885.9,Y,Y,,,,,,,,,
761544000,912260986,25344,49,641,No,-,39115,Dealer,Used,F,7823.838803,89485.2528,55761,0.065,40790,43345,Muscle/Sport,1992,75834.96,Y,Y,,,,,,,,,
335486500,735600323,29549,38,635,No,-,34894,Dealer,Used,F,7893.106078,54750.6312,35223,0.065,40912,43467,Mini-Van,2002,47198.82,Y,Y,,,,,,,,,
370290592,426530166,33406,27,610,No,-,39104,Branch,Used,V,7954.078878,38268.6876,24779,0.055,41063,43618,Economy,1995,35433.97,Y,Y,,,,,,,,,
964094652,819160134,29498,38,561,No,-,37264,Dealer,Used,F,7989.990023,58063.05,40746,0.105,40896,43451,Mini-Van,2009,46450.44,Y,Y,,,,,,,,,
145173827,950370594,31822,31,620,No,-,41496,Dealer,Used,F,8003.763556,83146.596,55137,0.065,41496,43321,Economy,2008,71678.1,Y,Y,,,,,,,,,
731414692,192121803,33959,25,670,No,-,41015,Dealer,Used,F,8012.79398,43098.7328,25448,0.065,41015,43570,Truck,2001,37154.08,Y,Y,,,,,,,,,
546183087,770380075,31333,33,583,No,-,35317,Dealer,Used,F,8094.831109,75105.0792,56538,0.105,40836,43391,Muscle/Sport,1993,61061.04,Y,Y,,,,,,,,,
595676614,224913971,36025,20,687,No,-,41275,Dealer,Used,F,8141.5638,49887.656,30719,0.065,41275,43465,Economy,2007,43006.6,Y,Y,,,,,,,,,
622543350,872683023,26253,47,697,No,-,39177,Dealer,New,F,8195.832616,70683.3645,50855,0.065,40848,43403,Luxury Sedan,2011,57466.15,Y,Y,,,,,,,,,
240840581,132722038,32398,30,666,No,-,37960,Branch,Used,F,8197.201772,48782.37,30394,0.055,41629,43454,Luxury Sedan,2003,45591,Y,Y,,,,,,,,,
851786438,251871865,35115,22,662,No,-,40151,Branch,Used,F,8297.268512,48403.3536,32256,0.065,41621,43446,Economy,1998,39352.32,Y,Y,,,,,,,,,
112111749,838790287,35619,21,581,No,-,40856,Dealer,New,F,8332.177825,67880.8515,57211,0.105,40856,43411,Economy,2011,60071.55,Y,Y,SUMMARY OUTPUT,,,,,,,,
412758292,636226125,27152,44,756,No,-,41018,Branch,Used,F,8389.722022,44334.5136,45838,0.065,41035,43590,Mini-Van,1994,35753.64,N,Y,,,,,,,,,
876202358,402710612,32178,30,631,No,-,41196,Branch,Used,F,8466.23397,73516.5816,46802,0.065,41196,43386,Mini-Van,1996,61778.64,Y,Y,Regression Statistics,,,,,,,,
946348971,287710133,27237,44,573,No,-,40754,Branch,Used,F,8492.184594,63134.085,49285,0.095,41218,43408,Mini-Van,2007,60127.7,Y,Y,Multiple R,0.633515666,,,,,,,
131002381,866102459,31456,32,689,No,-,41013,Branch,Used,F,8511.420306,47036.916,29230,0.055,41013,43568,SUV,2002,43552.7,Y,Y,R Square,0.401342099,,,,,,,
680356159,476332058,33688,26,667,No,-,41471,Dealer,Used,F,8586.172567,45200.7288,54042,0.065,41640,43465,Economy,2007,36748.56,N,Y,Adjusted R Square,0.366126929,,,,,,,
989069536,479491060,30183,36,655,No,-,34576,Branch,Used,V,8614.380746,89489.9544,50312,0.065,41503,43328,Luxury Sedan,1994,73958.64,Y,Y,Standard Error,39.97885811,,,,,,,
594282197,379230768,32722,29,659,Yes,677,36742,Branch,Used,F,8660.975605,61800.804,46065,0.055,40918,43473,Muscle/Sport,1998,59423.85,Y,Y,Observations,19,,,,,,,
801811045,533994169,31181,33,696,No,-,34850,Branch,New,F,8665.072553,68544.2784,57814,0.055,40903,43458,Muscle/Sport,2011,65907.96,N,Y,,,,,,,,,
906495167,527291901,36092,20,672,Yes,684,41180,Dealer,Used,V,8720.904429,35202.6576,22847,0.055,41180,43735,Truck,2003,32899.68,Y,Y,ANOVA,,,,,,,,
959484074,647599527,29161,39,799,No,-,34513,Dealer,Used,F,8810.983301,71757.87,44175,0.065,40887,43442,Mini-Van,1994,57869.25,Y,Y,,df,SS,MS,F,Significance F,,,
702500892,826771132,24122,52,650,No,-,31540,Branch,New,F,8907.156046,89994.24,50400,0.065,41182,43372,Luxury Sedan,2012,72576,Y,Y,Regression,1,18215.69274,18215.69274,11.39685233,0.003590014,,,
627915550,509800588,29692,37,621,No,-,41060,Branch,Used,V,8990.855669,45025.2,40932,0.065,41060,43615,Muscle/Sport,1998,36020.16,Y,Y,Residual,17,27171.25463,1598.309096,,,,,
532191506,381580257,33827,26,564,Yes,644,37848,Dealer,Used,F,9003.870518,78156.5625,46315,0.065,41521,43346,Economy,1999,62525.25,Y,Y,Total,18,45386.94737,,,,,,
325917041,271232639,35060,22,684,No,-,40451,Dealer,Used,F,9013.795653,39708.6192,21492,0.065,41101,43656,SUV,1993,32023.08,Y,Y,,,,,,,,,
638939848,165130715,28388,41,654,No,-,34805,Dealer,Used,F,9035.187876,80223.6031,74233,0.055,40862,43417,Mini-Van,1992,79429.31,Y,Y,,Coefficients,Standard Error,t Stat,P-value,Lower 95%,Upper 95%,Lower 95.0%,Upper 95.0%
544684637,395280065,24430,52,579,No,-,34698,Branch,Used,F,9072.588302,97863,64086,0.105,40801,43356,SUV,2010,88438.68,Y,Y,Intercept,804.938806,46.20665198,17.42040965,2.8217E-12,707.4512918,902.4263201,707.4512918,902.4263201
181102833,329782688,34222,25,686,No,-,39980,Branch,Used,F,9093.043177,48909.112,31640,0.065,41027,43582,Economy,2004,41448.4,Y,Y,Interest Rate:,-2347.343284,695.3190793,-3.375922441,0.003590014,-3814.338309,-880.3482586,-3814.338309,-880.3482586
185108195,143800111,24068,53,583,No,-,37856,Dealer,Used,F,9291.259947,51171.813,59433,0.105,40977,43532,Mini-Van,2004,41603.1,Y,Y,,,,,,,,,
697835630,497522993,22856,56,689,No,-,29156,Dealer,Used,F,9305.924144,54080.6994,34754,0.065,40975,43530,Economy,2000,46222.82,Y,Y,,,,,,,,,
281391621,153630530,36021,20,626,No,-,41313,Branch,Used,F,9324.885331,29791.3,18550,0.055,41313,43868,SUV,2005,27083,Y,Y,,,,,,,,,
460595685,387834125,29566,38,688,Yes,754,33949,Branch,Used,F,9382.465003,62751.9688,67679,0.065,40961,43516,Mini-Van,2010,51436.04,N,Y,,,,,,,,,
620684266,261640690,32030,31,620,No,-,41078,Branch,Used,V,9473.634419,44398.2396,47042,0.065,41078,43633,Economy,2010,36692.76,Y,Y,,,,,,,,,
953688355,568263684,33963,25,693,No,-,40941,Dealer,Used,F,9658.754198,61070.5134,38953,0.065,40941,43496,Economy,1995,52197.02,Y,Y,,,,,,,,,
797988401,790772517,30760,34,699,No,-,36519,Dealer,New,F,9705.34089,52202.502,34389,0.065,41009,43564,Mini-Van,2012,45393.48,Y,Y,,,,,,,,,
827218942,383840500,34160,25,624,No,-,41090,Dealer,Used,F,9707.970603,35427.63,23110,0.055,41241,43796,Truck,2009,33740.6,Y,Y,,,,,,,,,
427570166,665131198,26863,45,647,No,-,34265,Dealer,Used,V,9734.636212,69461.9604,51522,0.055,40918,43473,Economy,2000,64917.72,N,Y,,,,,,,,,
453574395,526440872,24365,52,650,Yes,656,30788,Dealer,New,F,9791.08283,67915.9712,68134,0.065,40918,43473,Muscle/Sport,2012,60639.26,N,Y,,,,,,,,,
374263157,699351227,24422,52,665,No,-,36958,Dealer,New,F,9791.656762,61453.3635,70905,0.055,41282,43472,Luxury Sedan,2013,57433.05,N,Y,,,,,,,,,
308481691,587670310,34809,23,621,No,-,40831,Dealer,Used,F,9865.314532,33554.9214,22009,0.065,41259,43814,Truck,2006,27731.34,Y,Y,,,,,,,,,
387260545,342931146,22727,56,658,No,-,33462,Dealer,Used,F,9884.123802,73738.4104,48743,0.065,41548,43373,Luxury Sedan,2010,59466.46,Y,Y,,,,,,,,,
290472102,431321198,30078,36,643,No,-,38978,Dealer,Used,F,9927.150896,62767.536,37830,0.065,40950,43505,Economy,2001,51448.8,Y,Y,,,,,,,,,
137573426,888631505,23187,55,660,No,-,36341,Branch,Used,F,10081.09848,87539.265,53590,0.065,41190,43380,Truck,2010,72346.5,Y,Y,,,,,,,,,
372295642,658321580,34756,23,674,No,-,38406,Dealer,Used,V,10118.20035,36040.14,22247,0.065,41237,43792,Economy,2006,30033.45,Y,Y,,,,,,,,,
180748535,289228614,25346,49,816,No,-,40871,Dealer,Used,F,10317.19779,94351.9696,78916,0.0475,40871,43426,Mini-Van,1996,77337.68,N,Y,,,,,,,,,
314672490,619180272,30511,35,575,No,-,41256,Dealer,Used,V,10373.82767,67152.03,37939,0.105,41256,43446,Muscle/Sport,1997,56908.5,Y,Y,,,,,,,,,
851488340,940621690,23771,53,666,No,-,31693,Branch,New,F,10404.93579,72173.9701,46621,0.065,40915,43470,Muscle/Sport,2012,63870.77,Y,Y,,,,,,,,,
383034118,288742049,30503,35,677,No,-,35990,Dealer,Used,F,10525.24703,71468.0692,44078,0.065,41271,43461,SUV,2010,59064.52,Y,Y,,,,,,,,,
688441116,844436427,31518,32,749,No,-,41319,Branch,New,F,10627.50427,62240.6818,38387,0.065,41319,43509,Mini-Van,2013,51438.58,N,Y,,,,,,,,,
932733574,536201021,28836,40,650,No,-,32897,Dealer,New,V,10749.69758,81896.3332,54583,0.065,41229,43419,Mini-Van,2012,66045.43,Y,Y,,,,,,,,,
384637370,804150014,28121,41,560,No,-,35753,Dealer,Used,F,10758.9901,70612.7625,42525,0.105,40924,43479,Mini-Van,2004,57408.75,Y,Y,,,,,,,,,
936651222,864101567,33915,26,670,No,-,40137,Branch,Used,V,10761.13768,47605.4736,28276,0.065,41410,43600,Economy,2008,39020.88,Y,Y,,,,,,,,,
297610994,336743972,21997,58,697,No,-,33224,Branch,Used,F,10865.33002,66577.6084,41291,0.065,41290,43480,SUV,1998,57394.49,Y,Y,,,,,,,,,
835658994,961321559,26560,46,662,No,-,40331,Branch,Used,F,10883.59689,93863.4648,60088,0.065,40852,43407,SUV,2006,76311.76,Y,Y,,,,,,,,,
808233037,564120795,34867,23,658,Yes,695,41122,Dealer,Used,F,10935.78012,45462.522,31060,0.065,41122,43677,Economy,2010,36961.4,Y,Y,,,,,,,,,
507132127,861873861,34281,25,682,No,-,38166,Branch,New,F,10952.91389,52042.0356,32913,0.065,41386,43576,Economy,2013,44103.42,Y,Y,,,,,,,,,
938836697,292321029,23890,53,640,No,-,31968,Dealer,Used,F,10989.72294,97863,64153,0.055,41199,43389,Luxury Sedan,1998,90455.73,Y,Y,,,,,,,,,
689045292,224362805,31856,31,690,No,-,41135,Branch,Used,F,11195.76784,46543.35,27996,0.065,41135,43690,Truck,1995,37234.68,Y,Y,,,,,,,,,
152068376,355620163,35269,22,602,Yes,643,39797,Dealer,Used,F,11210.36511,53794.125,31878,0.065,41685,43510,Economy,1999,43035.3,Y,Y,,,,,,,,,
113434926,289520141,26820,45,571,No,-,30528,Dealer,New,F,11224.40528,51874.1496,61579,0.105,41679,43504,Mini-Van,2014,44336.88,Y,Y,,,,,,,,,
385945866,576729419,24213,52,796,Yes,812,34264,Branch,Used,F,11264.1652,82716.975,58047,0.0475,40932,43487,Mini-Van,2006,66173.58,Y,Y,,,,,,,,,
499642966,278231902,33287,27,669,No,-,40578,Branch,New,F,11342.16682,51274.5948,42548,0.055,41118,43673,Truck,2012,49781.16,N,Y,,,,,,,,,
787736740,856210039,26052,47,564,No,-,34298,Branch,Used,F,11360.61056,67985.568,43715,0.095,41287,43477,Luxury Sedan,2012,62949.6,Y,Y,,,,,,,,,
111140434,631550951,32774,29,646,No,-,40385,Branch,Used,F,11540.04498,75532.919,46585,0.065,41582,43407,SUV,1998,62423.9,Y,Y,,,,,,,,,
681992811,743110179,31187,33,574,No,-,41120,Branch,Used,F,11638.42345,49982.5728,32139,0.095,41120,43675,Economy,1993,46280.16,Y,Y,,,,,,,,,
819358452,433540757,35522,21,642,No,-,39802,Branch,Used,V,11639.06669,34915.587,20654,0.065,41338,43893,Economy,2003,30361.38,Y,Y,,,,,,,,,
214093344,387641515,23041,55,672,No,-,31906,Dealer,Used,F,11665.939,79213.5456,51251,0.065,41245,43435,Mini-Van,2003,70726.38,Y,Y,,,,,,,,,
158750543,938552609,34735,23,685,No,-,39066,Dealer,New,F,11703.34936,26145.3966,31726,0.065,41633,44188,Truck,2013,21256.42,N,Y,,,,,,,,,
415321160,838430409,26910,45,621,Yes,681,41174,Branch,New,F,11726.10148,46162.4,48592,0.065,41174,43729,Truck,2012,36929.92,Y,Y,,,,,,,,,
567968973,184796418,29218,38,749,Yes,841,40717,Dealer,New,F,11928.24702,59331.1,57884,0.0475,41387,43577,Mini-Van,2013,47464.88,N,Y,,,,,,,,,
802756763,566500496,35280,22,624,No,-,40403,Branch,Used,F,12052.82099,60359.18,36230,0.065,41037,43592,Economy,2004,50722,Y,Y,,,,,,,,,
869455207,342401211,27992,42,670,No,-,39768,Branch,Used,F,12118.20045,62210.6875,76567,0.065,41341,43531,Mini-Van,1998,49768.55,N,Y,,,,,,,,,
596510635,256210142,26376,46,568,No,-,32623,Branch,New,F,12127.52572,49169.692,70565,0.095,41140,43695,Luxury Sedan,2012,47278.55,Y,Y,,,,,,,,,
565323111,329890889,36004,20,643,No,-,40767,Branch,New,F,12142.72003,30387.987,20070,0.055,41782,43972,Economy,2014,29502.9,Y,Y,,,,,,,,,
801964106,725740556,29363,38,639,No,-,33866,Dealer,Used,F,12187.11157,62564.4536,58757,0.065,41349,43539,Luxury Sedan,1994,51706.16,N,Y,,,,,,,,,
493337118,155871213,33166,28,668,No,-,39285,Dealer,Used,F,12219.40163,79979.504,47080,0.065,41603,43428,Mini-Van,2007,64499.6,Y,Y,,,,,,,,,
391575634,909580634,30609,35,638,Yes,656,40594,Branch,Used,F,12249.82611,64487.5308,42298,0.065,41662,43487,Mini-Van,2010,53295.48,Y,Y,,,,,,,,,
728491196,271203001,35486,21,699,No,-,39329,Branch,New,F,12285.83256,54350.4688,35366,0.065,41418,43608,Truck,2013,48097.76,Y,Y,,,,,,,,,
452982217,555811994,36139,20,669,No,-,40185,Dealer,Used,F,12384.74155,54788.0256,31444,0.065,41410,43600,Economy,1998,45279.36,Y,Y,,,,,,,,,
772762382,819200949,29944,36,646,No,-,38475,Dealer,Used,F,12489.95306,49662.5688,32994,0.055,41459,43649,Luxury Sedan,2004,46851.48,Y,Y,,,,,,,,,
313439314,378543835,32728,29,693,No,-,40356,Dealer,Used,F,12530.94784,65967.4576,42928,0.065,41662,43487,Mini-Van,2009,54518.56,Y,Y,,,,,,,,,
904552894,812870233,30407,35,577,No,-,37019,Branch,Used,F,12588.53303,91480.5426,57731,0.105,40894,43449,Mini-Van,2008,80246.09,Y,Y,,,,,,,,,
894350384,734810002,22603,57,619,No,-,30313,Branch,Used,F,12590.26528,70321.7088,45498,0.065,41311,43501,Mini-Van,1999,62787.24,Y,Y,,,,,,,,,
634890250,566770139,28714,40,581,No,-,32971,Branch,New,V,12608.16574,50545.04,37100,0.095,41750,43575,Mini-Van,2014,48601,Y,Y,,,,,,,,,
581048604,837600133,29256,38,613,No,-,33096,Dealer,New,F,12662.54188,94466.2095,55683,0.065,41566,43391,Mini-Van,2013,80740.35,Y,Y,,,,,,,,,
944861307,672160232,31414,32,606,No,-,37836,Dealer,Used,F,12675.96954,41264.1999,43569,0.065,41301,43856,Mini-Van,1999,33548.13,Y,Y,,,,,,,,,
472475666,186582873,31863,31,692,No,-,36277,Dealer,Used,F,12705.63221,53766.544,35410,0.055,41447,43637,Muscle/Sport,2005,51698.6,Y,Y,,,,,,,,,
914347027,707830994,30847,34,653,Yes,665,37464,Branch,Used,F,12760.31627,97214.1872,58591,0.065,41238,43428,Economy,1993,79683.76,Y,Y,,,,,,,,,
847900262,674153682,32626,29,690,No,-,40300,Dealer,New,F,12902.64172,48248.718,28019,0.065,41184,43739,Economy,2012,39226.6,Y,Y,,,,,,,,,
821541632,902852113,30286,36,677,No,-,41410,Branch,New,F,12903.52708,52673.6721,33789,0.065,41749,43574,Mini-Van,2014,44263.59,Y,Y,,,,,,,,,
319725128,198661165,31556,32,659,No,-,39297,Branch,Used,F,12954.37078,77380.5312,49756,0.055,40987,43542,SUV,2007,71648.64,Y,Y,,,,,,,,,
348942463,257281843,28315,41,663,No,-,38429,Branch,Used,F,13036.96187,88523.0048,58516,0.065,41267,43457,Mini-Van,2009,72559.84,Y,Y,,,,,,,,,
494660940,225340215,27517,43,595,No,-,35943,Branch,Used,F,13222.48821,52303.955,41347,0.105,41136,43691,Mini-Van,2001,45481.7,Y,Y,,,,,,,,,
950329960,394000503,24745,51,633,No,-,31737,Dealer,New,F,13229.60907,62859.6,52383,0.065,41386,43576,Truck,2013,50287.68,N,Y,,,,,,,,,
491515900,223992268,21919,58,662,No,-,41582,Branch,New,F,13245.91066,41678.2134,30777,0.065,41582,43772,SUV,2013,34162.47,N,Y,,,,,,,,,
543807001,524651642,30808,34,665,No,-,40600,Dealer,Used,V,13301.99257,58668.384,33034,0.065,41725,43550,Luxury Sedan,2004,48890.32,N,Y,,,,,,,,,
420561831,114140567,30291,36,637,No,-,37513,Branch,New,V,13353.30304,49933.9412,33826,0.065,41201,43756,SUV,2012,40929.46,Y,Y,,,,,,,,,
798233326,180840719,31705,32,645,No,-,41400,Branch,New,F,13523.78189,59826.9496,39874,0.065,41400,43590,Mini-Van,2013,49443.76,Y,Y,,,,,,,,,
972320173,422230640,25909,48,635,No,-,39365,Dealer,New,F,13534.37028,78954.768,69210,0.065,41611,43436,Luxury Sedan,2013,63673.2,N,Y,,,,,,,,,
144124685,614450559,35566,21,622,No,-,41525,Branch,Used,F,13616.70095,47353.35,26090,0.065,41525,43715,Economy,1997,39135,Y,Y,,,,,,,,,
301741371,710311306,28325,41,668,No,-,39467,Dealer,New,F,13914.24908,52031.568,37379,0.065,41196,43751,Truck,2012,44854.8,N,Y,,,,,,,,,
328613426,816572279,34003,25,660,No,-,41486,Branch,New,F,13947.40077,54276.825,35302,0.065,41486,43676,Economy,2013,43421.46,Y,Y,,,,,,,,,
471259366,422633061,24912,50,699,No,-,29257,Dealer,New,F,14060.3868,95472.2197,59083,0.065,41267,43457,SUV,2012,84488.69,Y,Y,,,,,,,,,
711578855,229160333,23899,53,638,No,-,34365,Branch,New,F,14065.57053,97863,72088,0.055,41273,43463,Luxury Sedan,2012,93714.4,Y,Y,,,,,,,,,
574354848,822100449,28407,41,638,No,-,40930,Dealer,Used,V,14108.38603,97863,61861,0.065,40930,43485,Luxury Sedan,2004,85986.79,Y,Y,,,,,,,,,
266463695,387766715,31098,33,732,No,-,40217,Dealer,Used,F,14205.92293,62166.6846,60894,0.065,41136,43691,Mini-Van,2008,50542.02,Y,Y,,,,,,,,,
886976976,554130311,30847,34,636,No,-,34564,Branch,New,F,14275.24597,53381.496,56073,0.065,41199,43754,Mini-Van,2012,47662.05,Y,Y,,,,,,,,,
728198164,502890831,27139,44,640,No,-,40780,Dealer,Used,F,14305.81142,83137.1796,50607,0.065,40974,43529,Mini-Van,2004,74898.36,Y,Y,,,,,,,,,
604827000,938301398,31856,31,674,No,-,41895,Branch,New,F,14463.50345,30225.7002,31106,0.065,41935,44125,Economy,2014,24573.74,N,Y,,,,,,,,,
196198993,705046711,32030,31,759,Yes,764,41272,Branch,Used,F,14482.91587,51687.6125,36593,0.065,41272,43827,Mini-Van,2011,41350.09,N,Y,,,,,,,,,
164055401,744572032,27885,42,660,No,-,33458,Dealer,Used,V,14494.48719,56405.832,40945,0.065,41457,43647,Mini-Van,2009,45858.4,N,Y,,,,,,,,,
170808482,506632258,34673,24,679,No,-,39005,Dealer,Used,F,14538.06943,33098.824,22060,0.065,42082,43907,Economy,2009,26692.6,Y,Y,,,,,,,,,
253053528,374451107,22487,57,647,No,-,41288,Branch,Used,V,14561.32605,89224.9257,66551,0.065,41288,43478,Luxury Sedan,1994,72540.59,Y,Y,,,,,,,,,
503631915,788510242,26834,45,618,No,-,41448,Dealer,New,V,14576.93411,60347.5158,57993,0.065,41448,43638,Mini-Van,2013,49873.98,Y,Y,,,,,,,,,
151747848,864861746,24707,51,671,No,-,30013,Dealer,Used,F,14739.05481,96471.36,56416,0.065,41597,43422,SUV,1998,84624,Y,Y,,,,,,,,,
868071743,822171017,31351,33,644,No,-,37518,Branch,Used,F,14744.92435,93229.425,56934,0.065,40957,43512,Mini-Van,1998,74583.54,Y,Y,,,,,,,,,
965947064,200080942,32177,30,644,No,-,41408,Branch,Used,F,14773.13413,65353.875,42855,0.065,41408,43598,Luxury Sedan,1997,52283.1,Y,Y,,,,,,,,,
693203726,973092133,22171,58,668,No,-,26003,Branch,Used,F,14814.57956,86423.0598,56298,0.065,41612,43437,Luxury Sedan,1997,72624.42,Y,Y,,,,,,,,,
693413890,511831659,33636,26,672,No,-,38180,Branch,New,F,14899.80812,38461.888,24380,0.065,41980,43805,Economy,2014,33156.8,Y,Y,,,,,,,,,
171577778,708680109,34994,23,586,No,-,41768,Branch,New,F,15011.6503,55082.196,31810,0.105,41768,43593,Truck,2014,47078.8,Y,Y,,,,,,,,,
207261214,158920216,26327,46,594,No,-,38995,Dealer,Used,F,15037.04065,75452.0724,85026,0.095,41334,43524,Mini-Van,1995,73972.62,Y,Y,,,,,,,,,
514744571,540392093,23655,54,670,No,-,28111,Dealer,Used,F,15085.32105,71676.891,41085,0.065,41378,43568,Muscle/Sport,2004,58751.55,Y,Y,,,,,,,,,
262296818,170630793,23589,54,657,No,-,37368,Dealer,Used,F,15341.21417,72892.75,63385,0.065,41379,43569,Muscle/Sport,2006,58314.2,N,Y,,,,,,,,,
539122258,608981700,34678,24,661,No,-,40006,Dealer,Used,F,15514.79459,64230.1944,39098,0.065,41444,43634,Truck,1997,57865.04,Y,Y,,,,,,,,,
390787816,330060128,33106,28,565,No,-,40791,Branch,Used,F,15613.98816,50479.6149,35657,0.105,41846,43671,Mini-Van,2007,43144.97,N,Y,,,,,,,,,
509802895,293681911,32213,30,671,Yes,838,39597,Dealer,Used,F,15672.71698,51258.9216,50412,0.0475,41328,43883,Mini-Van,2006,41337.84,N,Y,,,,,,,,,
145152304,167350691,35394,22,632,No,-,41754,Branch,Used,F,15931.78374,40637.6024,26443,0.065,41754,43944,Economy,2003,35962.48,Y,Y,,,,,,,,,
597115928,804900013,23291,55,588,No,-,36735,Branch,Used,F,16072.66063,69025.9238,45901,0.095,41092,43647,Mini-Van,2007,67015.46,Y,Y,,,,,,,,,
162051459,819190349,28253,41,621,No,-,39180,Branch,New,F,16134.31151,76661.0988,81226,0.065,41372,43562,Luxury Sedan,2013,63356.28,N,Y,,,,,,,,,
321590644,707244118,28381,41,685,No,-,40819,Dealer,New,V,16144.82928,80851.5,53000,0.065,41048,43603,Mini-Van,2012,71550,Y,Y,,,,,,,,,
776703751,517081884,28653,40,674,No,-,38130,Dealer,New,F,16155.6348,59329.66,36805,0.065,41516,43706,Muscle/Sport,2013,47846.5,Y,Y,,,,,,,,,
594253544,680450696,33104,28,628,No,-,38865,Dealer,Used,F,16296.97843,57964.3344,37233,0.065,41804,43629,Economy,2000,51753.87,N,Y,,,,,,,,,
681456133,212480524,36157,19,625,No,-,41674,Dealer,New,F,16353.14424,40999.134,26434,0.055,42035,43860,SUV,2015,37271.94,Y,Y,,,,,,,,,
883216973,202540227,28253,41,585,No,-,41310,Dealer,Used,F,16439.45144,59127.7476,53182,0.095,41492,43682,Mini-Van,2008,54245.64,N,Y,,,,,,,,,
720522466,722811571,33321,27,661,No,-,39429,Branch,Used,F,16505.57654,56140.4628,35946,0.065,41247,43802,Economy,2007,49246.02,Y,Y,,,,,,,,,
209872145,306231895,29344,38,666,No,-,39246,Branch,Used,F,16643.48995,80075.2076,52529,0.055,41079,43634,Muscle/Sport,2006,77742.92,Y,Y,,,,,,,,,
191175771,716270928,36071,20,659,No,-,41743,Dealer,Used,F,16728.35002,33681.76,19520,0.065,41743,44298,SUV,1996,28304,Y,Y,,,,,,,,,
315228860,456381648,29105,39,662,No,-,38140,Branch,New,F,16754.48571,59591.575,37538,0.065,41814,43639,Luxury Sedan,2014,47673.26,Y,Y,,,,,,,,,
155484541,208840653,24357,52,636,No,-,39855,Dealer,New,F,16818.02874,74175.8472,43128,0.065,41705,43530,SUV,2014,63398.16,Y,Y,,,,,,,,,
807705807,569770719,29725,37,656,No,-,39070,Dealer,Used,F,16839.75364,97863,63421,0.065,40969,43524,Mini-Van,1996,81813.09,Y,Y,,,,,,,,,
185025140,619801918,24277,52,661,No,-,32873,Dealer,New,F,16929.14846,65880.4062,43451,0.065,41484,43674,Mini-Van,2013,57789.83,Y,Y,,,,,,,,,
837688927,961982230,30104,36,663,No,-,36451,Dealer,Used,F,17113.41552,97863,63403,0.055,41320,43510,Mini-Van,2012,89398.23,Y,Y,,,,,,,,,
796296174,626221615,29617,37,671,No,-,36672,Branch,New,F,17139.60078,58296.9712,49606,0.065,41250,43805,Mini-Van,2012,51590.24,N,Y,,,,,,,,,
330222893,264060018,32258,30,567,No,-,40364,Dealer,Used,F,17228.8038,35970.3972,47094,0.105,41887,44077,Mini-Van,2001,31552.98,N,Y,,,,,,,,,
505455611,941230584,23679,54,639,No,-,39386,Dealer,New,F,17265.74971,64564.32,43390,0.065,41213,43768,Muscle/Sport,2012,53803.6,N,Y,,,,,,,,,
392973736,542030129,28560,40,608,No,-,40241,Branch,New,F,17266.36544,88639.602,49299,0.065,41361,43551,Mini-Van,2013,71483.55,Y,Y,,,,,,,,,
429311683,114551553,34273,25,669,No,-,41234,Dealer,New,F,17331.61511,51781.95,28530,0.065,41910,43735,Economy,2014,42795,Y,Y,,,,,,,,,
670214294,755841259,34402,24,674,No,-,38215,Branch,Used,F,17435.23222,54433.23,32114,0.065,41325,43880,Economy,1997,48171,Y,Y,,,,,,,,,
718424787,542471832,27955,42,678,No,-,32760,Branch,New,F,17458.98412,68731.1644,77174,0.065,41165,43720,Mini-Van,2012,56337.02,Y,Y,,,,,,,,,
550406802,492620724,32225,30,648,No,-,35931,Dealer,Used,F,17520.24005,51727.7376,32956,0.055,41378,43933,Mini-Van,2006,47456.64,Y,Y,,,,,,,,,
189335034,134274316,34654,24,686,No,-,39092,Branch,Used,F,17573.25878,46052.413,30559,0.055,41997,43822,Luxury Sedan,2007,41865.83,Y,Y,,,,,,,,,
411112242,624760137,21969,58,612,No,-,30989,Dealer,Used,V,17770.46216,57039.346,36764,0.055,41594,43784,Luxury Sedan,1997,53307.8,Y,Y,,,,,,,,,
723976780,972021315,30406,35,663,No,-,40092,Branch,Used,F,17775.91721,55931.8638,37273,0.065,41608,43798,Mini-Van,2000,45473.06,Y,Y,,,,,,,,,
966005026,372011003,34257,25,647,No,-,41773,Dealer,Used,F,17778.16891,68789.1876,43554,0.055,41773,43598,Truck,1997,64895.46,Y,Y,,,,,,,,,
675097121,501482215,23207,55,670,No,-,37403,Branch,New,V,17804.01925,51198.1625,40553,0.065,41648,43838,Mini-Van,2014,40958.53,N,Y,,,,,,,,,
288369334,832740113,23225,55,569,No,-,34448,Branch,Used,F,17819.00673,70168.5684,45647,0.105,41755,43580,Mini-Van,2001,57515.22,Y,Y,,,,,,,,,
275713642,324420232,26845,45,588,No,-,41398,Branch,Used,F,17833.26689,75513.6316,50329,0.105,41398,43588,Mini-Van,2002,62407.96,Y,Y,,,,,,,,,
260766872,361550995,33185,28,648,No,-,42077,Branch,Used,F,17836.44001,40608.2246,26209,0.065,42077,43902,Economy,2008,33285.43,Y,Y,,,,,,,,,
578555720,205710614,31379,33,637,No,-,35450,Dealer,Used,F,17899.06977,46906.232,29620,0.055,41994,43819,Mini-Van,2005,43837.6,Y,Y,,,,,,,,,
296583452,596500714,31307,33,642,No,-,38212,Branch,Used,F,17911.85483,46237.089,29605,0.065,41979,43804,Mini-Van,2010,40558.85,Y,Y,,,,,,,,,
576423739,693520598,32238,30,623,No,-,40316,Branch,Used,V,17942.74,86100.1394,66502,0.065,41691,43516,Economy,1997,71157.14,N,Y,,,,,,,,,
773395573,689880541,34053,25,625,No,-,39287,Dealer,Used,F,17956.9513,65944.782,37278,0.065,41510,43700,Muscle/Sport,1998,54053.1,Y,Y,,,,,,,,,
476750540,309880448,24423,52,639,No,-,31727,Dealer,Used,F,18017.84102,86460.5196,49931,0.065,41680,43505,SUV,1996,73897.88,Y,Y,,,,,,,,,
813911104,366841815,33643,26,676,No,-,38914,Branch,Used,F,18137.42099,55569.888,35082,0.055,41636,43826,Luxury Sedan,2008,50518.08,Y,Y,,,,,,,,,
498084896,273781527,23092,55,673,No,-,31094,Dealer,New,F,18139.50002,57952.3788,46638,0.055,41333,43888,Luxury Sedan,2013,53167.32,N,Y,,,,,,,,,
701969291,706921928,25632,48,679,No,-,39664,Dealer,Used,F,18324.82692,96468.54,54044,0.065,41650,43475,Luxury Sedan,2010,81066,Y,Y,,,,,,,,,
944289448,311120195,29594,37,582,Yes,594,41686,Dealer,New,V,18485.38143,87042.9378,57694,0.095,41686,43511,Muscle/Sport,2014,81348.54,Y,Y,,,,,,,,,
178738883,909990921,36134,20,647,No,-,41928,Branch,Used,F,18533.05776,52596.7432,31931,0.065,41928,43753,SUV,2007,45342.02,Y,Y,,,,,,,,,
840264125,706250187,22271,57,615,No,-,40886,Branch,Used,F,18626.91679,97863,65128,0.055,41344,43534,Economy,2012,90527.92,Y,Y,,,,,,,,,
602716112,903871599,24406,52,666,Yes,678,38293,Branch,New,F,18640.73317,77493.762,45531,0.065,41151,43706,Economy,2012,67385.88,Y,Y,,,,,,,,,
862341721,897880243,29746,37,556,No,-,36682,Branch,Used,F,18700.76201,49721.952,38604,0.105,41697,43887,Mini-Van,2004,43236.48,Y,Y,,,,,,,,,
123348178,928292366,35145,22,691,No,-,40550,Branch,Used,F,18873.59802,44811.12,24092,0.065,41814,44004,Economy,2013,36138,Y,Y,,,,,,,,,
924207556,309260039,30011,36,577,Yes,623,36746,Branch,Used,F,19031.35785,45022.392,54270,0.065,41554,44109,Mini-Van,2001,36903.6,Y,Y,,,,,,,,,
309573860,656561121,34794,23,653,No,-,42149,Dealer,Used,F,19107.03003,33176.4966,19969,0.065,42149,44339,SUV,2014,28355.98,Y,Y,,,,,,,,,
744105802,804750118,25723,48,562,No,-,37799,Branch,Used,F,19117.37694,55289.1108,54397,0.105,41637,43827,Mini-Van,2010,45693.48,Y,Y,,,,,,,,,
870912930,230490953,35359,22,645,No,-,41089,Branch,Used,V,19154.92171,38567.55,22358,0.065,41755,44310,Economy,1999,30854.04,Y,Y,,,,,,,,,
779346742,534061132,28497,40,654,No,-,33454,Dealer,New,F,19186.77608,71747.8923,45031,0.065,41189,43744,Mini-Van,2012,63493.71,Y,Y,,,,,,,,,
421133403,543962258,34481,24,665,No,-,41685,Dealer,Used,V,19217.9137,53001.32,42743,0.065,41685,43875,Economy,1999,42743,N,Y,,,,,,,,,
426957962,441112469,31731,32,686,No,-,41044,Branch,New,F,19288.39488,51114.1752,31482,0.065,41721,43911,Muscle/Sport,2014,41556.24,Y,Y,,,,,,,,,
648715783,983473440,26830,45,688,No,-,39615,Branch,New,F,19353.17294,90698.751,54210,0.065,41067,43622,Mini-Van,2012,77520.3,Y,Y,,,,,,,,,
178730015,680791949,28366,41,679,No,-,34031,Dealer,Used,F,19378.2943,85467.888,53957,0.065,41718,43543,Luxury Sedan,2009,71223.24,Y,Y,,,,,,,,,
653466512,194651959,27484,43,661,No,-,41472,Dealer,New,F,19384.40788,75435.1389,41841,0.065,41472,43662,Luxury Sedan,2013,62343.09,Y,Y,,,,,,,,,
313469963,352600079,29347,38,618,No,-,41471,Branch,Used,F,19409.46726,75532.6584,45978,0.065,41471,43661,Muscle/Sport,2009,68047.44,Y,Y,,,,,,,,,
666234788,532190948,28958,39,659,No,-,38847,Dealer,New,F,19429.85033,91058.1,57925,0.065,41090,43645,Luxury Sedan,2012,75881.75,Y,Y,,,,,,,,,
931255792,149673871,30317,35,695,No,-,38213,Branch,Used,V,19647.05665,54692.764,33107,0.065,41400,43955,Muscle/Sport,2004,46349.8,Y,Y,,,,,,,,,
599248811,333133243,33749,26,686,No,-,38692,Branch,Used,F,19688.95201,35898.2316,23546,0.065,42086,44276,Muscle/Sport,2003,29667.96,Y,Y,,,,,,,,,
844083761,379432606,22502,57,684,No,-,27898,Branch,Used,F,19692.67463,55887.7312,36691,0.065,41915,43740,Luxury Sedan,2010,49899.76,N,Y,,,,,,,,,
619856627,816800133,32085,31,578,No,-,37358,Dealer,Used,F,19889.52132,42811.2732,42421,0.105,41855,44045,Mini-Van,1999,36906.27,N,Y,,,,,,,,,
251481228,317620637,29908,37,630,Yes,639,34574,Branch,Used,V,19993.74685,77806.404,48267,0.065,41459,43649,Mini-Van,1995,62747.1,Y,Y,,,,,,,,,
312777940,636870610,34343,24,635,No,-,39501,Branch,Used,F,19998.54539,43825.072,23720,0.065,42109,43934,Truck,1996,35342.8,Y,Y,,,,,,,,,
326973528,837043998,30091,36,699,No,-,40615,Dealer,New,F,20324.13364,65236.08,43260,0.055,41601,43791,Economy,2013,62727,Y,Y,,,,,,,,,
823788992,522250392,28911,39,635,No,-,40472,Branch,New,F,20415.92584,58950.6606,36511,0.065,41379,43934,Muscle/Sport,2013,50385.18,Y,Y,,,,,,,,,
541183195,408990385,28215,41,625,No,-,32729,Branch,Used,F,20417.46684,97012.224,63159,0.065,41384,43574,Muscle/Sport,1995,80843.52,Y,Y,,,,,,,,,
333454776,978012250,29651,37,660,No,-,34681,Branch,New,F,20505.75089,69746.2668,41988,0.065,41265,43820,Luxury Sedan,2012,61722.36,Y,Y,,,,,,,,,
775839968,807714384,31620,32,686,No,-,39247,Branch,Used,F,20545.51367,68690.8222,40366,0.065,41840,43665,Economy,2005,57723.38,Y,Y,,,,,,,,,
699279032,579890445,24022,53,631,No,-,29756,Branch,Used,F,20567.46224,75531.575,42553,0.065,41510,43700,Luxury Sedan,2005,60425.26,Y,Y,,,,,,,,,
889831591,998553430,32535,29,684,No,-,40885,Dealer,Used,F,20737.86431,49136.592,27667,0.065,42055,43880,Mini-Van,2014,40947.16,Y,Y,,,,,,,,,
148509147,331480472,27339,44,634,No,-,41258,Branch,New,V,20762.19143,72322.7634,50287,0.055,41258,43813,SUV,2012,70904.67,Y,Y,,,,,,,,,
740379184,960830489,30870,34,620,No,-,41328,Branch,New,F,20778.81139,64871.9676,56489,0.065,41328,43883,Economy,2013,55924.11,N,Y,,,,,,,,,
540916941,950101619,22940,56,668,No,-,35140,Dealer,Used,F,20945.61768,57766.176,34632,0.065,41686,43876,Luxury Sedan,2003,48138.48,Y,Y,,,,,,,,,
455368210,983363004,34298,25,692,No,-,38219,Dealer,Used,F,20945.97599,37606.596,23510,0.065,42282,44107,Truck,2010,30327.9,Y,Y,,,,,,,,,
245998935,837840024,34240,25,558,No,-,41302,Dealer,Used,F,21032.28599,65406.64,41240,0.105,41302,43857,SUV,2012,53612,Y,Y,,,,,,,,,
133831220,737610591,35876,20,627,No,-,41168,Branch,Used,F,21206.41071,35845.632,20744,0.065,41993,44548,Economy,1996,29871.36,Y,Y,,,,,,,,,
631083635,540990277,34259,25,609,No,-,42169,Dealer,Used,F,21398.09351,44205.84,28640,0.055,42169,43994,Economy,1998,42100.8,N,Y,,,,,,,,,
878840018,637200112,31199,33,593,No,-,41982,Branch,Used,F,21435.33414,53719.2474,48387,0.105,41982,43807,Mini-Van,2011,44032.17,Y,Y,,,,,,,,,
649684525,834161047,29826,37,656,No,-,41170,Dealer,Used,F,21498.5889,84633.9648,54758,0.065,41170,43725,Luxury Sedan,2006,75566.04,Y,Y,,,,,,,,,
621557820,208291821,34393,24,665,No,-,40550,Branch,Used,F,21558.54633,36568.5894,23301,0.065,42183,44373,SUV,1996,30990.33,N,Y,,,,,,,,,
666391835,817700968,22827,56,650,No,-,27477,Dealer,New,F,21647.7278,97863,62330,0.055,41105,43660,SUV,2012,89131.9,Y,Y,,,,,,,,,
870498898,886351103,22422,57,658,No,-,27541,Dealer,New,F,21656.77182,79032.8,51320,0.055,41241,43796,Mini-Van,2012,71848,Y,Y,,,,,,,,,
812536068,802770236,29953,36,552,No,-,41170,Dealer,Used,F,21720.67241,75930.9012,53669,0.095,41797,43622,Mini-Van,1999,70306.39,N,Y,,,,,,,,,
517397601,932592185,30772,34,666,No,-,37281,Dealer,Used,F,21730.76711,58743.9149,35437,0.065,41950,43775,Economy,2006,48548.69,Y,Y,,,,,,,,,
117528717,768070003,22561,57,567,No,-,34162,Branch,Used,V,21787.77688,57338.172,64745,0.095,41431,43986,Mini-Van,2010,53090.9,Y,Y,,,,,,,,,
934175165,293891067,35403,22,643,No,-,39479,Branch,Used,F,21874.62451,39273.9,25750,0.065,42295,44120,Economy,2006,31930,Y,Y,,,,,,,,,
882772152,585160841,33130,28,646,No,-,37480,Dealer,Used,F,21911.05585,46394.7212,27758,0.065,41691,44246,Luxury Sedan,2012,38028.46,Y,Y,,,,,,,,,
557718017,715273914,32133,30,696,No,-,41353,Dealer,Used,F,21944.36376,65830.05,39325,0.065,41353,43908,Mini-Van,1998,53088.75,Y,Y,,,,,,,,,
611051724,581130924,28165,41,642,No,-,41070,Dealer,New,F,22031.27352,86730.996,53790,0.065,41159,43714,Mini-Van,2012,74768.1,Y,Y,,,,,,,,,
820902500,161740102,22195,58,593,No,-,27255,Branch,Used,F,22041.54078,27464.0304,32836,0.105,42528,45083,Mini-Van,2012,22328.48,N,Y,,,,,,,,,
823090566,255322799,32488,30,695,No,-,39218,Dealer,Used,F,22082.1781,91418.7155,52981,0.065,41435,43625,Economy,2004,76822.45,N,Y,,,,,,,,,
335615310,466620616,32192,30,623,No,-,40519,Dealer,New,F,22152.58218,48159.517,28147,0.065,41641,44196,Mini-Van,2014,40813.15,Y,Y,,,,,,,,,
913928205,217951955,30845,34,668,No,-,35381,Dealer,New,F,22424.40108,67376.775,38778,0.065,41622,43812,SUV,2013,53901.42,Y,Y,,,,,,,,,
566282555,207560542,26335,46,639,No,-,31285,Branch,New,F,22528.9087,64785.3,76218,0.065,41670,43860,Luxury Sedan,2014,51828.24,Y,Y,,,,,,,,,
329262747,607920125,25804,48,579,No,-,41152,Branch,Used,F,22545.23042,89181.756,67685,0.105,41152,43707,Luxury Sedan,2010,73099.8,Y,Y,,,,,,,,,
438463921,120030479,35407,22,638,No,-,40343,Dealer,Used,F,22552.01898,34350.442,19285,0.065,42321,44511,Economy,1997,28156.1,Y,Y,,,,,,,,,
431984518,629681294,36147,19,664,No,-,41890,Dealer,New,F,22620.96993,39808.0704,25676,0.065,41913,44468,Economy,2014,34919.36,Y,Y,,,,,,,,,
852899551,195860858,35833,20,651,No,-,42424,Branch,Used,F,22718.62671,27986.6631,18139,0.065,42597,45152,Economy,2015,25213.21,N,Y,,,,,,,,,
336490152,337730683,32310,30,621,No,-,36543,Branch,Used,F,22842.46673,54038.314,33055,0.065,41568,44123,Economy,1996,44293.7,Y,Y,,,,,,,,,
151008443,791344319,29784,37,685,No,-,39069,Dealer,New,F,22923.96776,74624.6025,44475,0.065,41279,43834,Mini-Van,2013,62709.75,Y,Y,,,,,,,,,
884945883,323650217,28871,39,562,No,-,40044,Dealer,Used,V,22941.13057,80835.6,52152,0.105,41514,43704,Mini-Van,2001,64668.48,Y,Y,,,,,,,,,
272912691,146134274,25193,49,686,No,-,40454,Branch,New,F,22944.12731,67741.526,45005,0.055,41379,43934,Muscle/Sport,2013,63907.1,Y,Y,,,,,,,,,
738124364,827030464,35894,20,636,No,-,41977,Branch,Used,V,23159.84575,34904.394,22461,0.055,42189,44744,Economy,2002,33242.28,Y,Y,,,,,,,,,
810430057,780291576,30647,35,673,No,-,38013,Dealer,New,F,23233.17397,63785.2787,41687,0.055,41969,43794,Economy,2014,59612.41,Y,Y,,,,,,,,,
529390473,383152396,22556,57,696,No,-,31136,Branch,New,F,23282.75932,87064.596,52197,0.065,41188,43743,Economy,2012,72553.83,Y,Y,,,,,,,,,
702511255,263262058,30584,35,673,No,-,39425,Branch,Used,F,23418.48782,66461.574,44290,0.065,41917,43742,SUV,2003,54033.8,Y,Y,,,,,,,,,
543125511,424810115,24299,52,575,No,-,41063,Dealer,Used,F,23722.16787,65256.8972,43493,0.105,41933,43758,Mini-Van,2010,53931.32,Y,Y,,,,,,,,,
309397024,864464919,24625,51,753,Yes,782,29838,Dealer,New,F,23746.72683,74566.9518,70834,0.065,41339,43894,Mini-Van,2013,61625.58,Y,Y,,,,,,,,,
461116972,273911199,35192,22,651,No,-,39671,Branch,Used,F,23866.68363,34967.823,19767,0.065,42230,44785,Economy,2013,28662.15,Y,Y,,,,,,,,,
699907093,350141323,31609,32,668,No,-,37917,Branch,New,F,23920.11163,42984.7176,52242,0.065,41887,44442,Mini-Van,2014,35524.56,Y,Y,,,,,,,,,
674353742,913481436,28814,40,664,No,-,34416,Branch,New,F,23923.82431,41250.9,43422,0.065,41954,44509,Mini-Van,2014,33000.72,N,Y,,,,,,,,,
609847442,602953956,25473,49,680,No,-,34941,Branch,Used,F,24021.22003,72060.331,45530,0.065,41344,43899,SUV,2005,60554.9,Y,Y,,,,,,,,,
962458225,831140002,22979,56,563,No,-,37194,Branch,Used,F,24125.70001,90443.808,51272,0.105,41156,43711,Mini-Van,1993,75369.84,Y,Y,,,,,,,,,
583638551,405781340,25548,49,678,No,-,32384,Dealer,New,F,24449.75378,89788.832,55480,0.065,41502,43692,Luxury Sedan,2013,75452.8,Y,Y,,,,,,,,,
478817347,998780752,23639,54,644,No,-,34223,Branch,New,V,24463.44763,87010.452,52740,0.065,41795,43620,SUV,2014,77000.4,Y,Y,,,,,,,,,
505048180,384830937,26971,45,643,No,-,40998,Branch,New,F,24678.01429,68059.7984,48092,0.065,41682,43872,Mini-Van,2014,55786.72,Y,Y,,,,,,,,,
803979415,550391756,32920,28,675,No,-,41620,Dealer,Used,F,24692.31029,75652.9232,49628,0.055,41620,43810,SUV,1996,73449.44,Y,Y,,,,,,,,,
387105797,780700622,28845,39,625,No,-,41475,Dealer,Used,F,25147.64785,97863,62713,0.065,41475,43665,Mini-Van,1997,84035.42,Y,Y,,,,,,,,,
676336088,165762746,30604,35,681,No,-,36418,Branch,Used,F,25147.64785,97863,56979,0.065,41484,43674,SUV,2003,85468.5,Y,Y,,,,,,,,,
175841107,636301993,35376,22,666,No,-,39416,Branch,Used,F,25246.14612,55248.48,36288,0.055,41885,44075,Economy,1999,52617.6,Y,Y,,,,,,,,,
416580589,321841748,23197,55,671,No,-,33797,Branch,Used,F,25364.86636,94850.5206,118771,0.065,41212,43767,SUV,2009,78388.86,Y,Y,,,,,,,,,
977795457,988591505,31717,32,674,No,-,37310,Dealer,New,F,25478.379,73266.95,47269,0.065,41647,43837,Truck,2014,59086.25,Y,Y,,,,,,,,,
796742418,746250421,28676,40,628,No,-,41552,Dealer,New,V,25922.13391,85629.216,53252,0.065,41552,43742,Mini-Van,2013,71357.68,Y,Y,,,,,,,,,
884265531,715470729,30411,35,649,No,-,38241,Dealer,New,F,25964.06231,49540.6912,32186,0.055,41838,44393,Mini-Van,2014,47635.28,Y,Y,,,,,,,,,
207790723,511761392,26081,47,677,No,-,35339,Branch,New,F,25971.0011,92372.448,58911,0.065,41795,43620,Muscle/Sport,2014,82475.4,Y,Y,,,,,,,,,
873302974,690410571,30875,34,628,No,-,39442,Branch,Used,F,26047.22738,88594.506,49140,0.065,41268,43823,Muscle/Sport,2011,73218.6,Y,Y,,,,,,,,,
813990510,783522463,30532,35,694,No,-,35437,Dealer,Used,F,26076.87143,52504.576,33080,0.065,41731,44286,SUV,2011,42342.4,Y,Y,,,,,,,,,
395763870,714841914,32126,30,667,No,-,37050,Branch,Used,V,26300.40702,41576.7638,26674,0.055,42437,44262,Mini-Van,2015,38143.82,N,Y,,,,,,,,,
232041400,579233321,30989,34,693,No,-,36277,Branch,New,F,26373.80014,55419.507,33813,0.055,41719,44274,Mini-Van,2014,50381.37,Y,Y,,,,,,,,,
775838712,780920632,33599,26,629,No,-,38090,Branch,Used,F,26628.02459,45167.6696,24949,0.065,42184,44374,SUV,2005,36425.54,Y,Y,,,,,,,,,
661140316,151071155,29446,38,640,No,-,40811,Branch,New,F,26654.7321,94804.3106,60358,0.065,41807,43632,Luxury Sedan,2014,83897.62,Y,Y,,,,,,,,,
905079606,404540343,35794,20,621,No,-,42368,Branch,Used,V,26764.18729,39963.84,23788,0.065,42368,44558,Muscle/Sport,2001,35682,Y,Y,,,,,,,,,
652824638,226082443,28496,40,685,No,-,41221,Dealer,Used,F,26816.67182,97863,61954,0.055,41221,43776,Mini-Van,2004,92931,Y,Y,,,,,,,,,
188578385,166910125,36011,20,612,No,-,42221,Dealer,Used,F,26890.77639,39850.0202,25966,0.055,42221,44776,SUV,1996,38689.34,N,Y,,,,,,,,,
659314685,954360750,35684,21,654,No,-,40726,Dealer,Used,F,26916.59634,56250.0624,36281,0.065,41921,44111,Muscle/Sport,2000,49342.16,Y,Y,,,,,,,,,
776081776,623840216,28176,41,589,No,-,35573,Dealer,Used,F,26967.55007,61376.5408,61352,0.105,41570,44125,Mini-Van,2005,50308.64,Y,Y,,,,,,,,,
698219968,213930051,35936,20,556,No,-,41968,Dealer,New,F,27077.81573,53361.585,32049,0.105,41968,44158,Economy,2014,48073.5,Y,Y,,,,,,,,,
553864166,349512833,30839,34,687,No,-,38048,Branch,Used,F,27099.33013,78248.884,49462,0.065,41386,43941,Mini-Van,2011,69246.8,N,Y,,,,,,,,,
562552401,668230017,25733,48,586,No,-,41103,Dealer,Used,F,27132.67509,86134.334,54340,0.105,41553,43743,Mini-Van,2000,71185.4,Y,Y,,,,,,,,,
356801321,346061044,22394,57,652,No,-,27352,Dealer,New,F,27408.39589,56570.4972,34587,0.065,41700,44255,Luxury Sedan,2014,48767.67,Y,Y,,,,,,,,,
406102674,288073717,35959,20,688,No,-,41357,Branch,Used,F,27641.00896,49671.2132,29239,0.065,41886,44441,Luxury Sedan,1997,40057.43,Y,Y,,,,,,,,,
523623176,468550173,28088,42,590,No,-,33066,Branch,Used,F,27994.53359,97863,64676,0.095,41805,43630,SUV,2009,91193.16,Y,Y,,,,,,,,,
975408620,632812134,34364,24,668,No,-,40579,Branch,New,F,27995.25747,36887.5518,22091,0.065,42444,44999,SUV,2016,30485.58,Y,Y,,,,,,,,,
633816200,557791501,29561,38,678,No,-,37386,Dealer,Used,F,28211.53983,71959.8858,42178,0.065,41756,43946,Truck,2009,59470.98,Y,Y,,,,,,,,,
563908568,973690558,32620,29,622,No,-,39246,Dealer,New,F,28416.12844,54571.608,33316,0.065,42017,44207,SUV,2015,46642.4,Y,Y,,,,,,,,,
398964106,281991520,23403,54,663,No,-,37151,Branch,Used,F,28495.05154,79323.4914,50502,0.065,41408,43963,Mini-Van,2001,70197.78,Y,Y,,,,,,,,,
474546232,958960924,25389,49,642,No,-,38084,Dealer,Used,F,28528.77274,74084.7276,48204,0.055,41755,43945,Luxury Sedan,2007,67967.64,Y,Y,,,,,,,,,
460936614,562961274,30474,35,670,No,-,41294,Branch,Used,F,28734.68635,93540.288,59504,0.065,41294,43849,Muscle/Sport,1999,77950.24,Y,Y,,,,,,,,,
132378584,135742227,33692,26,664,No,-,37569,Dealer,Used,V,28842.12852,55382.4246,34653,0.065,41791,44346,SUV,2002,45395.43,Y,Y,,,,,,,,,
758305302,205170080,33967,25,556,No,-,41788,Branch,New,V,28927.5906,36600.498,24035,0.095,42638,44828,Economy,2016,33889.35,Y,Y,,,,,,,,,
380656061,630684197,22325,57,682,No,-,35607,Dealer,Used,F,29123.43551,59406.54,38950,0.065,42164,43989,Economy,2011,48298,Y,Y,,,,,,,,,
536853845,167803600,22741,56,697,No,-,30315,Dealer,Used,F,29174.24484,94971.1868,59558,0.065,41283,43838,Truck,2012,79807.72,Y,Y,,,,,,,,,
191128550,481940680,33193,28,635,No,-,40331,Dealer,Used,F,29279.89883,50840.16,30262,0.065,42153,44343,Economy,2000,45393,N,Y,,,,,,,,,
935193825,580772553,28160,41,685,No,-,41289,Dealer,Used,F,29310.16238,95413.6404,62252,0.065,41289,43844,Luxury Sedan,1995,81550.12,Y,Y,,,,,,,,,
870332021,860900646,26927,45,628,No,-,37706,Dealer,Used,F,29470.81906,92008.6324,49799,0.065,41333,43888,Luxury Sedan,2009,74200.51,Y,Y,,,,,,,,,
189834864,600340450,35205,22,626,No,-,39020,Branch,New,F,29532.83131,41152.5528,24601,0.065,42612,44437,Muscle/Sport,2016,33457.36,Y,Y,,,,,,,,,
148190059,185060480,34437,24,624,No,-,38778,Branch,Used,F,29625.61039,97863,64614,0.065,41553,43743,Economy,1999,86582.76,Y,Y,,,,,,,,,
871309455,751121537,28784,40,662,No,-,41724,Branch,Used,F,29726.21957,75823.4176,50522,0.065,41749,43939,Mini-Van,1995,67699.48,Y,Y,,,,,,,,,
440517162,320510229,32601,29,563,No,-,36478,Dealer,Used,F,29778.83569,48234.27,27022,0.105,42213,44403,Mini-Van,2001,40533,Y,Y,,,,,,,,,
938824234,755400014,33910,26,608,No,-,39349,Branch,Used,F,30090.92416,57780.352,34976,0.065,41812,44367,Luxury Sedan,2008,48966.4,Y,Y,,,,,,,,,
530707450,392720606,33148,28,632,No,-,40923,Dealer,Used,F,30117.22815,45620.5824,29214,0.065,42162,44717,Truck,2008,37393.92,Y,Y,,,,,,,,,
917418871,914132729,28017,42,699,No,-,32555,Branch,Used,V,30311.18293,78766.155,47307,0.065,41486,44041,Mini-Van,2009,70960.5,Y,Y,,,,,,,,,
340558613,505152265,22343,57,660,No,-,41327,Branch,Used,F,30380.05029,94847.275,57922,0.065,41327,43882,SUV,2004,75877.82,Y,Y,,,,,,,,,
704529383,279030275,24199,52,553,No,-,33783,Branch,Used,V,30393.46571,94518.2312,62479,0.105,41284,43839,Muscle/Sport,2009,76224.38,Y,Y,,,,,,,,,
650021313,425410057,27988,42,606,No,-,38290,Branch,Used,F,30828.12487,68870.3316,76083,0.065,41629,44184,Luxury Sedan,2005,55540.59,N,Y,,,,,,,,,
914834182,995141505,33358,27,667,No,-,37407,Branch,New,F,30845.64829,37998.1932,25322,0.065,42609,45164,Truck,2016,31146.06,Y,Y,,,,,,,,,
553345739,189960939,31167,33,641,No,-,40060,Branch,New,V,31017.73895,97863,62525,0.065,41865,43690,Luxury Sedan,2014,87535,Y,Y,,,,,,,,,
397023903,424320117,28520,40,567,No,-,41584,Branch,New,F,31067.66639,70034.328,68715,0.095,41584,44139,Mini-Van,2013,67340.7,Y,Y,,,,,,,,,
491222487,346030284,27536,43,617,No,-,36313,Branch,New,F,31102.21023,97863,61341,0.065,41580,43770,Muscle/Sport,2013,82810.35,Y,Y,,,,,,,,,
614601663,636561897,30475,35,670,No,-,36637,Dealer,Used,F,31117.04187,69515.775,40299,0.065,41631,44186,Economy,2011,55612.62,Y,Y,,,,,,,,,
804955807,306522187,23765,53,661,No,-,34209,Dealer,Used,F,31117.61281,84119,55160,0.065,41952,43777,Muscle/Sport,1997,67295.2,Y,Y,,,,,,,,,
521716602,296702021,35271,22,660,No,-,41387,Dealer,Used,F,31150.82495,38452.509,23347,0.065,42696,44886,SUV,2004,31518.45,N,Y,,,,,,,,,
479649312,456060102,29783,37,580,No,-,36129,Dealer,Used,F,31188.92436,57060.5427,37821,0.095,42269,44094,Truck,2010,53327.61,N,Y,,,,,,,,,
202030504,746731715,35714,21,674,No,-,42250,Dealer,Used,F,31355.68678,45205.5296,26752,0.065,42251,44806,Luxury Sedan,2014,37987.84,Y,Y,,,,,,,,,
934222330,511121624,32023,31,675,No,-,39694,Branch,Used,F,31467.72878,46942.184,31030,0.065,42507,44332,Mini-Van,2012,38477.2,Y,Y,,,,,,,,,
706728478,991702069,33165,28,674,No,-,38079,Dealer,New,F,31634.71356,49177.6632,32772,0.065,42294,44484,Muscle/Sport,2015,39981.84,Y,Y,,,,,,,,,
696078780,284091303,27539,43,670,No,-,41658,Dealer,New,F,31950.48153,69460.0632,46159,0.065,41658,44213,Truck,2014,60929.88,Y,Y,,,,,,,,,
265383672,796751033,30567,35,651,No,-,35171,Dealer,New,V,32009.41051,54295.8218,33487,0.065,42156,44346,Mini-Van,2015,44872.58,Y,Y,,,,,,,,,
385682164,596231917,29337,38,672,Yes,674,40338,Dealer,Used,F,32044.7064,87995.9325,57797,0.055,41429,43984,Mini-Van,2008,83805.65,Y,Y,,,,,,,,,
656422961,975061866,29951,36,663,No,-,40460,Branch,Used,F,32161.25786,64755.207,39642,0.065,41746,44301,SUV,2007,53516.7,Y,Y,,,,,,,,,
858067370,720821211,32213,30,669,No,-,38944,Branch,Used,F,32343.78653,53621.5856,31208,0.065,42010,44565,Mini-Van,1999,44315.36,Y,Y,,,,,,,,,
904547798,901213594,27891,42,693,No,-,39373,Branch,Used,V,32501.98693,89232.246,56981,0.055,41957,43782,Muscle/Sport,2002,82622.45,Y,Y,,,,,,,,,
853079541,349700196,33706,26,619,No,-,39255,Dealer,New,F,32507.28741,37850.736,23408,0.055,42747,45302,Economy,2017,34409.76,Y,Y,,,,,,,,,
692125002,236790225,30485,35,570,No,-,34591,Branch,Used,V,32599.53399,54617.088,35558,0.105,41961,44516,Mini-Van,2003,45514.24,Y,Y,,,,,,,,,
469230878,496670196,34190,25,601,No,-,42097,Branch,Used,F,32766.23851,58279.0328,34306,0.065,42097,44287,Economy,2002,46999.22,Y,Y,,,,,,,,,
495565072,950053521,29769,37,684,No,-,39355,Branch,Used,F,32871.19793,75456.45,41346,0.065,41822,44012,Mini-Van,2012,60365.16,Y,Y,,,,,,,,,
163939691,313760342,26342,46,632,No,-,36445,Branch,Used,V,32905.8463,77845.2028,46547,0.065,41567,44122,Luxury Sedan,1999,68889.56,Y,Y,,,,,,,,,
610568408,379164362,35730,21,680,No,-,39978,Branch,Used,F,32970.71718,55434.834,35399,0.055,42016,44571,Economy,2014,51328.55,Y,Y,,,,,,,,,
849670980,872300451,34430,24,621,No,-,42156,Dealer,New,V,33232.58391,33615.575,22043,0.065,43134,45324,Economy,2018,27553.75,Y,Y,,,,,,,,,
874762081,655062904,24739,51,691,No,-,38393,Branch,Used,F,33271.32889,74328.4732,46771,0.065,41614,44169,Truck,2001,64076.27,N,Y,,,,,,,,,
111314252,756220214,24653,51,561,No,-,39681,Dealer,Used,F,33331.46232,68108.601,50710,0.105,41694,44249,Mini-Van,2011,56288.1,Y,Y,,,,,,,,,
418433931,696561219,32759,29,665,No,-,36836,Branch,Used,F,33332.45838,49723.9062,27689,0.065,42516,44341,Mini-Van,2012,40425.94,N,Y,,,,,,,,,
360084790,415981475,24997,50,663,No,-,31895,Branch,Used,F,33337.60622,95867.352,55945,0.065,41667,43857,Muscle/Sport,2013,80560.8,Y,Y,,,,,,,,,
567631913,662161293,22901,56,666,No,-,41659,Branch,Used,F,33387.29292,97863,63695,0.055,41659,43849,Economy,2003,94268.6,Y,Y,,,,,,,,,
978313704,664341008,32282,30,647,No,-,38717,Dealer,Used,F,33415.53004,90330.8679,49959,0.065,41957,43782,Truck,2007,73439.73,Y,Y,,,,,,,,,
567534823,247101896,30692,34,660,No,-,39292,Branch,Used,F,33441.33133,81534.6,50330,0.065,41539,44094,Economy,2006,67945.5,Y,Y,,,,,,,,,
136157928,532852114,31509,32,678,No,-,41796,Dealer,Used,F,33510.16006,79562.3496,46182,0.065,41796,43986,Mini-Van,2001,67425.72,Y,Y,,,,,,,,,
277067053,219400633,31094,33,625,No,-,37413,Dealer,Used,F,33564.77211,77048.5625,46345,0.065,41824,44014,Mini-Van,1999,61638.85,Y,Y,,,,,,,,,
204292871,694351975,34643,24,670,No,-,40928,Branch,Used,F,33632.80086,39147.36,21392,0.065,42811,45001,Economy,2000,32088,N,Y,,,,,,,,,
986255463,496060710,22335,57,648,No,-,31555,Branch,Used,F,33661.69335,95531.75,58340,0.065,41925,43750,Luxury Sedan,2002,76425.4,Y,Y,,,,,,,,,
701191902,387281239,29135,39,674,No,-,35467,Dealer,Used,F,33904.97134,70854.306,42085,0.065,41936,44126,Mini-Van,1995,58077.3,Y,Y,,,,,,,,,
223106704,628002049,28390,41,662,No,-,36543,Dealer,New,F,33984.59358,71959.3686,46977,0.065,41682,44237,Luxury Sedan,2014,64828.26,Y,Y,,,,,,,,,
668920642,706161089,25765,48,644,No,-,30598,Branch,Used,F,34067.34141,80719.6455,52665,0.065,42048,43873,Muscle/Sport,2012,68991.15,Y,Y,,,,,,,,,
976194715,826090304,33041,28,626,No,-,42056,Branch,Used,F,34143.3429,55544.2088,32062,0.065,42056,44611,Truck,2011,45528.04,Y,Y,,,,,,,,,
225107420,619630009,28300,41,569,Yes,649,40876,Branch,Used,F,34198.8826,59638.518,39420,0.065,42338,44163,Truck,2007,48486.6,Y,Y,,,,,,,,,
704085163,745100107,35197,22,567,No,-,41261,Dealer,Used,F,34242.10071,57990.8994,36951,0.105,42134,44324,Truck,2014,49144.83,N,Y,,,,,,,,,
737741665,516343650,26963,45,686,No,-,32950,Dealer,Used,V,34364.87457,88253.1936,57144,0.055,41495,44050,Luxury Sedan,2007,81715.92,N,Y,,,,,,,,,
405572471,737291134,24375,52,642,No,-,28371,Dealer,New,F,34670.81316,75374.04,44130,0.065,41643,44198,Luxury Sedan,2014,61782,Y,Y,,,,,,,,,
755340162,135671792,32930,28,665,No,-,39235,Dealer,Used,V,34825.15996,47226.9693,30233,0.065,42395,44950,Economy,2014,38395.91,Y,Y,,,,,,,,,
350060161,207121107,23445,54,640,No,-,33433,Dealer,New,F,34907.0121,71203.99,42925,0.065,42182,44007,Truck,2015,61382.75,Y,Y,,,,,,,,,
716194948,212211818,34657,24,662,No,-,42301,Dealer,New,F,34988.50291,56225.75,33820,0.065,42405,44230,Luxury Sedan,2016,44980.6,Y,Y,,,,,,,,,
929482213,538420217,29472,38,581,No,-,34735,Dealer,Used,F,35024.46189,46632.2747,57521,0.105,42387,44942,Mini-Van,2005,38539.07,Y,Y,,,,,,,,,
668601743,358270575,32585,29,620,No,-,40546,Branch,Used,F,35171.09094,61893.6,34000,0.065,41943,44498,Muscle/Sport,1997,50320,Y,Y,,,,,,,,,
833076265,521530639,29602,37,624,No,-,41657,Branch,Used,F,35195.01562,76513.6515,46527,0.065,41657,44212,Mini-Van,2003,66533.61,Y,Y,,,,,,,,,
936640287,126831804,33199,28,675,No,-,37182,Branch,New,F,35462.15707,64657.008,38112,0.065,42079,44269,Truck,2015,55262.4,Y,Y,,,,,,,,,
437349455,467920442,26014,47,638,Yes,658,40029,Dealer,Used,F,35841.81701,90163.2928,55139,0.065,41491,44046,Luxury Sedan,2005,80502.94,Y,Y,,,,,,,,,
893188243,615495529,29740,37,758,No,-,33787,Branch,New,F,35889.62165,81026.0409,55357,0.065,41650,44205,Mini-Van,2014,65874.83,N,Y,,,,,,,,,
391298670,708670649,33358,27,638,No,-,41477,Branch,Used,F,35905.67168,44231.544,26820,0.065,42594,45149,Muscle/Sport,2006,35670.6,N,Y,,,,,,,,,
265446715,877562297,24522,51,670,No,-,35880,Branch,New,F,35926.83538,88759.7028,66817,0.065,42026,43851,Economy,2015,72162.36,Y,Y,,,,,,,,,
945549890,152140530,26742,45,625,No,-,37110,Dealer,New,F,35935.30038,78123.024,45590,0.065,41642,44197,Mini-Van,2014,65649.6,Y,Y,,,,,,,,,
630643041,713921203,33500,27,661,No,-,39585,Branch,New,F,36183.66777,38430.784,25184,0.055,43049,44874,Truck,2017,35257.6,Y,Y,,,,,,,,,
329208186,388040564,35544,21,636,No,-,41618,Dealer,Used,F,36290.40137,46511.9088,28432,0.065,42500,45055,Economy,2001,37814.56,Y,Y,,,,,,,,,
968119400,335944352,26020,47,682,No,-,34020,Dealer,Used,F,36334.26575,88587.975,53286,0.065,41530,44085,SUV,2003,70870.38,Y,Y,,,,,,,,,
215393693,123071738,31533,32,670,No,-,41772,Branch,New,F,36489.06764,89730.3204,57898,0.065,41772,43962,Luxury Sedan,2014,72951.48,Y,Y,,,,,,,,,
969966730,477260314,29588,37,633,No,-,33462,Branch,Used,F,36535.51202,52673.2896,33974,0.065,42262,44817,Mini-Van,1997,46204.64,Y,Y,,,,,,,,,
351024403,959840134,33005,28,555,No,-,39267,Branch,New,V,36767.0805,79143.987,47879,0.105,41634,44189,Mini-Van,2013,69424.55,Y,Y,,,,,,,,,
204249093,339001598,31541,32,660,No,-,41861,Branch,Used,F,36901.13061,67752.72,44810,0.065,41861,44416,Economy,1999,60493.5,Y,Y,,,,,,,,,
612311231,139981384,26943,45,669,No,-,36056,Dealer,Used,F,37025.9447,66536.0514,41209,0.065,41911,44466,Muscle/Sport,1995,56868.42,Y,Y,,,,,,,,,
131073884,601271322,24263,52,679,No,-,37558,Branch,New,F,37119.20848,85690.904,56435,0.055,42078,43903,Luxury Sedan,2015,82395.1,N,Y,,,,,,,,,
811723380,586531466,24995,50,669,No,-,29005,Branch,Used,F,37228.54223,83168.9264,53423,0.065,41638,44193,SUV,2008,74257.97,Y,Y,,,,,,,,,
731668934,972122255,21922,58,670,No,-,36722,Branch,Used,F,37299.28146,92803.326,59719,0.055,41535,44090,Luxury Sedan,2005,88384.12,Y,Y,,,,,,,,,
366505663,369921773,33974,25,670,No,-,42038,Dealer,Used,F,37408.52524,47944.962,31522,0.065,42504,45059,Economy,2004,40978.6,N,Y,,,,,,,,,
208514798,418191149,32973,28,656,No,-,41701,Dealer,Used,F,37443.43256,62076.103,40283,0.065,42022,44577,SUV,2002,53979.22,Y,Y,,,,,,,,,
612789341,983783038,25758,48,680,No,-,35199,Dealer,Used,F,37505.22715,83787.0432,49584,0.065,41623,44178,Luxury Sedan,2012,70409.28,Y,Y,,,,,,,,,
350759013,591010498,28627,40,628,No,-,33834,Branch,Used,F,37911.29344,97863,60176,0.065,41984,43809,Economy,1995,87255.2,Y,Y,,,,,,,,,
997661371,808701779,27694,43,663,No,-,37802,Dealer,New,F,37993.05355,67884.3936,43052,0.055,41922,44477,Muscle/Sport,2014,62855.92,Y,Y,,,,,,,,,
200924378,597250120,28440,41,579,No,-,32411,Branch,Used,F,38426.8781,82012.3128,52653,0.105,42101,43926,Mini-Van,2002,69501.96,Y,Y,,,,,,,,,
139305906,567230182,30705,34,614,No,-,41764,Branch,Used,V,38481.84347,94630.7584,59984,0.065,41764,43954,Economy,1997,81578.24,Y,Y,,,,,,,,,
285047984,151522131,23843,53,664,No,-,28676,Dealer,New,V,38521.96209,96905.4372,58419,0.065,41512,44067,Luxury Sedan,2013,83539.17,Y,Y,,,,,,,,,
217677013,518800220,34151,25,599,Yes,607,42119,Branch,New,F,38626.70301,68702.634,41943,0.065,42119,44309,Luxury Sedan,2015,58720.2,Y,Y,,,,,,,,,
694154673,208531786,31866,31,674,No,-,39527,Dealer,Used,F,38797.50453,72825.6584,45166,0.065,41838,44393,Economy,2002,62780.74,Y,Y,,,,,,,,,
356783961,922470767,23556,54,659,No,-,27833,Branch,Used,F,39077.79718,75046.755,42043,0.065,42029,44219,SUV,1997,63064.5,Y,Y,,,,,,,,,
521882478,499760661,35134,22,632,No,-,41081,Branch,Used,F,39093.42253,62822.265,38005,0.065,42428,44253,Economy,2009,55107.25,Y,Y,,,,,,,,,
736643298,566500098,32437,30,617,No,-,42060,Branch,New,F,39161.5613,73250.2884,48814,0.065,42060,44250,Economy,2015,60041.22,Y,Y,,,,,,,,,
426818996,954952620,27270,44,699,No,-,41532,Branch,Used,F,39332.85302,97863,63249,0.055,41547,44102,Mini-Van,2001,93608.52,N,Y,,,,,,,,,
871942400,507740531,23264,55,620,No,-,39426,Dealer,Used,F,39333.35368,65209.3344,38054,0.065,42022,44577,Luxury Sedan,2000,54797.76,Y,Y,,,,,,,,,
703669862,172182915,29276,38,690,No,-,36141,Dealer,Used,F,39440.6696,68005.98,41979,0.065,41964,44519,Mini-Van,1995,56671.65,Y,Y,,,,,,,,,
120371188,890110404,33937,26,639,No,-,42491,Dealer,New,F,39736.06782,50928.0772,33943,0.065,42491,45046,Truck,2016,41071.03,Y,Y,,,,,,,,,
526493743,300472706,33964,25,691,No,-,41438,Dealer,Used,F,39785.74496,47207.3754,31459,0.065,42700,45255,Truck,2014,38694.57,N,Y,,,,,,,,,
236887636,770680374,33544,27,629,No,-,39575,Branch,New,F,39923.72977,73874.4273,43209,0.065,42267,44092,Economy,2015,60060.51,Y,Y,,,,,,,,,
671735721,354033332,27654,43,684,No,-,39336,Dealer,New,F,40209.38375,64615.59,40410,0.065,42413,44238,Mini-Van,2016,52533,Y,Y,,,,,,,,,
664331418,767220274,23032,55,568,Yes,639,33365,Dealer,Used,F,40608.45398,86923.76,56444,0.055,42135,43960,Muscle/Sport,2009,79021.6,N,Y,,,,,,,,,
217985497,264003017,23071,55,684,No,-,34484,Branch,Used,F,40632.82531,78033.1008,49164,0.065,42019,44209,Mini-Van,2003,62929.92,Y,Y,,,,,,,,,
962620154,510581533,32524,29,666,No,-,41991,Dealer,Used,V,40970.0351,80852.877,49091,0.065,41991,44181,Mini-Van,2002,66272.85,Y,Y,,,,,,,,,
223281543,936561400,29739,37,671,No,-,36452,Branch,Used,F,41112.61394,77171.2824,46133,0.065,41838,44393,Truck,1997,62740.88,Y,Y,,,,,,,,,
444476551,913880816,23393,54,648,No,-,37701,Branch,Used,V,41199.27308,67975.4284,39562,0.065,42397,44222,Mini-Van,1997,56178.04,Y,Y,,,,,,,,,
555804486,828860364,30545,35,634,No,-,38279,Dealer,New,F,41263.59785,92183.28,54871,0.065,41628,44183,SUV,2013,76819.4,Y,Y,,,,,,,,,
740212390,592450048,24840,50,555,No,-,34385,Dealer,Used,F,41424.44955,80613.2418,50934,0.105,41747,44302,SUV,2012,67742.22,Y,Y,,,,,,,,,
637025483,117741172,34140,25,645,No,-,38762,Branch,Used,F,41620.60968,60653.76,36800,0.065,42528,44353,Economy,1998,49312,Y,Y,,,,,,,,,
786475937,793230024,31250,33,564,No,-,42040,Dealer,Used,F,41632.94594,75779.4141,50999,0.105,42040,44230,Mini-Van,2009,64768.73,N,Y,,,,,,,,,
150171373,782270458,33693,26,634,No,-,37821,Dealer,New,F,42115.73981,60718.3104,38566,0.065,42265,44820,Economy,2015,49364.48,Y,Y,,,,,,,,,
341091286,969970658,33609,26,625,No,-,40626,Branch,Used,F,42183.36214,54810.9375,35079,0.065,42478,45033,Economy,2013,43848.75,Y,Y,,,,,,,,,
257101177,793721743,23022,55,669,No,-,40263,Dealer,Used,F,42323.35672,71540.04,45859,0.065,41987,44542,Luxury Sedan,1997,59616.7,N,Y,,,,,,,,,
615408289,660620566,34161,25,625,No,-,41576,Branch,Used,F,42417.56077,74645.8375,47021,0.065,41914,44469,Economy,2000,59716.67,Y,Y,,,,,,,,,
625231868,751781452,30100,36,672,No,-,35257,Dealer,New,F,42535.18795,65550.2848,40928,0.065,42154,44709,Luxury Sedan,2015,58527.04,N,Y,,,,,,,,,
694513563,982752234,32624,29,676,No,-,36307,Dealer,New,F,42570.34646,94599.972,52614,0.065,41869,44059,Mini-Van,2014,76290.3,Y,Y,,,,,,,,,
786537331,864561288,24524,51,664,No,-,30859,Branch,New,F,42669.63211,73573.5518,45343,0.065,41952,44507,Muscle/Sport,2014,60306.19,Y,Y,,,,,,,,,
289245685,172780633,21990,58,623,No,-,35203,Dealer,New,F,42853.99665,84233.4504,54079,0.065,41785,44340,Luxury Sedan,2014,71384.28,Y,Y,,,,,,,,,
183139108,313053629,32008,31,697,No,-,38025,Branch,New,F,42855.55435,86988.429,48774,0.065,41954,44144,Mini-Van,2014,70722.3,Y,Y,,,,,,,,,
658454397,854131324,29163,39,668,No,-,40205,Branch,Used,F,43038.65718,71010.2616,46558,0.065,42373,44198,Mini-Van,2003,57731.92,Y,Y,,,,,,,,,
611937104,989001506,31283,33,674,No,-,40675,Branch,Used,F,43233.00819,73333.8,44784,0.065,42174,44364,Truck,2003,58667.04,Y,Y,,,,,,,,,
223170318,176872451,31498,32,690,No,-,37366,Dealer,Used,F,43420.91997,64674.1007,38453,0.065,42202,44757,SUV,1998,53449.67,N,Y,,,,,,,,,
632898210,937412273,26850,45,673,No,-,40576,Branch,Used,F,43539.81309,69534.2628,44428,0.065,42077,44632,SUV,2005,62643.48,Y,Y,,,,,,,,,
236473362,164191051,25616,48,645,No,-,41440,Dealer,New,V,44360.73643,93720.75,52125,0.065,42138,43963,SUV,2015,75581.25,Y,Y,,,,,,,,,
221800199,739520781,32729,29,646,No,-,38499,Branch,Used,F,45248.83803,97581.099,60347,0.055,41698,44253,Economy,2000,88710.09,Y,Y,,,,,,,,,
233015248,369451398,29600,37,674,No,-,34381,Branch,Used,F,45437.67087,97863,61339,0.065,41888,44078,Economy,1999,79127.31,Y,Y,,,,,,,,,
285074334,263440177,32994,28,593,No,-,39034,Dealer,New,F,45492.16388,51807.615,32645,0.105,42850,45040,Economy,2017,45050.1,N,Y,,,,,,,,,
370288908,484573322,35513,21,695,No,-,42546,Branch,New,V,45826.56089,57949.268,36538,0.065,42546,45101,SUV,2016,47499.4,Y,Y,,,,,,,,,
846443137,556661115,32595,29,648,No,-,41231,Branch,Used,F,46389.73538,75466.575,43434,0.065,42059,44614,Mini-Van,2000,60373.26,Y,Y,,,,,,,,,
297051044,817510309,31597,32,635,No,-,37101,Dealer,New,F,46471.48651,59560.5852,39051,0.065,42492,45047,Truck,2016,48423.24,Y,Y,,,,,,,,,
566939235,609133602,30787,34,692,No,-,42287,Branch,New,F,47054.79279,73148.908,44279,0.065,42287,44477,Truck,2015,61990.6,N,Y,,,,,,,,,
931466161,665580020,29058,39,611,No,-,42097,Dealer,New,F,47294.4252,72037.2048,44011,0.065,42322,44512,Mini-Van,2015,58094.52,Y,Y,,,,,,,,,
643136775,590392019,24601,51,663,No,-,35263,Dealer,Used,F,47617.01976,93595.608,54927,0.065,41790,44345,Mini-Van,2002,77996.34,Y,Y,,,,,,,,,
428184569,580473097,32605,29,681,No,-,39893,Dealer,New,F,47749.48065,93855.972,56910,0.065,41764,44319,Economy,2014,75690.3,Y,Y,,,,,,,,,
451408836,425881262,33740,26,667,No,-,42460,Branch,Used,F,47901.11704,75033.75,40018,0.065,42460,44285,Economy,2010,60027,Y,Y,,,,,,,,,
764058950,234400145,28653,40,567,No,-,33571,Branch,Used,F,48079.7411,70558.595,42314,0.105,42512,44337,Mini-Van,1999,61355.3,Y,Y,,,,,,,,,
220113870,148880957,33271,27,655,No,-,39544,Branch,Used,F,48297.48252,50623.356,29398,0.065,43057,45247,Economy,2005,41157.2,N,Y,,,,,,,,,
527537547,195680851,21980,58,659,No,-,38613,Branch,Used,F,48389.38774,82983.4005,55267,0.055,42000,44555,Luxury Sedan,2011,79031.81,Y,Y,,,,,,,,,
713505668,337754032,30863,34,689,No,-,36357,Dealer,Used,F,48619.57745,75581.44,48800,0.065,42300,44490,Mini-Van,1997,62464,N,Y,,,,,,,,,
389277923,937811918,23699,54,668,No,-,31355,Branch,Used,F,49126.16843,78867.6912,50247,0.055,42250,44440,Mini-Van,2014,72355.68,Y,Y,,,,,,,,,
603800069,920320236,30053,36,585,No,-,41738,Dealer,Used,F,49447.61715,97863,98443,0.095,41738,44293,Mini-Van,1998,94505.28,Y,Y,,,,,,,,,
495311022,377432697,29860,37,691,No,-,41197,Branch,Used,F,49448.27033,60914.425,40274,0.065,42608,45163,Economy,2012,50342.5,N,Y,,,,,,,,,
768230064,611971842,28076,42,667,No,-,36445,Dealer,New,F,49684.06144,82383.7952,54086,0.065,42205,44395,Mini-Van,2015,69230.08,Y,Y,,,,,,,,,
157680798,844380774,31199,33,650,No,-,39286,Dealer,Used,F,49791.79931,59423.584,38720,0.055,42685,45240,Muscle/Sport,2009,57692.8,N,Y,,,,,,,,,
313647727,725020226,30451,35,566,No,-,36089,Dealer,Used,F,50013.536,77639.283,51615,0.095,42453,44278,Mini-Van,2001,71228.7,Y,Y,,,,,,,,,
215241847,241163437,32986,28,699,No,-,37503,Branch,Used,F,50027.29383,66863.839,38485,0.065,42414,44969,Luxury Sedan,2012,56188.1,N,Y,,,,,,,,,
535502119,844340744,32404,30,646,No,-,38934,Dealer,Used,F,50217.79406,91660.3896,59151,0.055,41898,44453,Luxury Sedan,1998,88134.99,N,Y,,,,,,,,,
902405230,762330023,28539,40,578,No,-,39899,Branch,Used,F,50244.34722,65359.008,41262,0.095,42679,44504,Mini-Van,2007,59417.28,Y,Y,,,,,,,,,
479419756,992440213,30205,36,599,No,-,42090,Dealer,Used,F,50380.23425,79881.1104,58461,0.105,42228,44418,Mini-Van,2000,65476.32,Y,Y,,,,,,,,,
971991691,792911618,30117,36,665,No,-,39379,Dealer,Used,F,50420.53203,59825.975,35717,0.065,42683,45238,Mini-Van,1997,47860.78,N,Y,,,,,,,,,
191684515,640570633,33653,26,633,No,-,41120,Dealer,New,F,50430.02475,66448.403,40691,0.065,42441,44996,SUV,2016,57781.22,Y,Y,,,,,,,,,
745761495,185800091,33861,26,569,No,-,42429,Branch,Used,F,50697.89073,56914.56,30848,0.105,42812,45367,Economy,2006,46272,N,Y,,,,,,,,,
803687305,278710428,31573,32,626,No,-,38875,Branch,Used,V,50784.23737,78262.7604,48774,0.065,42142,44697,Mini-Van,2013,69259.08,Y,Y,,,,,,,,,
803366987,809220707,32141,30,649,No,-,39718,Dealer,New,F,51419.73477,79934.4174,47059,0.065,42287,44477,Truck,2015,70117.91,Y,Y,,,,,,,,,
164425628,854253909,28278,41,696,No,-,40022,Dealer,New,V,51694.22558,80361.1264,46624,0.065,42284,44474,Truck,2015,64807.36,Y,Y,,,,,,,,,
755598412,485520272,23033,55,612,No,-,36179,Branch,Used,F,51957.48136,77389.0416,43693,0.065,42203,44758,Muscle/Sport,2001,62917.92,Y,Y,,,,,,,,,
113464278,437802614,31881,31,696,No,-,38726,Dealer,New,F,52446.78642,67281.0236,42098,0.065,42721,44546,Mini-Van,2016,55148.38,Y,Y,,,,,,,,,
988043946,277510228,32147,30,555,No,-,39852,Dealer,Used,V,52450.44718,84618.3582,52643,0.105,42022,44577,Mini-Van,1998,74226.63,Y,Y,,,,,,,,,
462475673,211380598,32439,30,629,No,-,36995,Branch,Used,V,52704.36238,58604.0616,37509,0.065,42958,44783,Economy,2008,47261.34,N,Y,,,,,,,,,
479965563,888970038,32617,29,590,No,-,38582,Dealer,New,V,53181.20771,69179.344,44945,0.095,42687,44512,Luxury Sedan,2016,66518.6,Y,Y,,,,,,,,,
879678007,365860251,29739,37,591,No,-,41503,Branch,New,F,53615.56592,89827.2375,50253,0.105,41954,44509,Luxury Sedan,2014,71861.79,Y,Y,,,,,,,,,
804542080,477880836,24129,52,648,No,-,29013,Dealer,New,F,54341.91336,65275.392,42497,0.065,42661,45216,Luxury Sedan,2016,54396.16,Y,Y,,,,,,,,,
115988002,536910237,26500,46,574,No,-,31701,Branch,Used,F,54347.35191,83137.545,45061,0.105,42104,44659,Luxury Sedan,2008,67591.5,Y,Y,,,,,,,,,
137947404,622553124,28366,41,691,No,-,32191,Dealer,New,F,54656.79578,86763.9112,51164,0.065,42271,44461,Mini-Van,2015,71117.96,Y,Y,,,,,,,,,
592772791,803770274,29692,37,613,Yes,640,42481,Branch,Used,F,54700.46145,65528.7712,41537,0.065,42749,44939,SUV,2003,56490.32,N,Y,,,,,,,,,
276459748,613260784,33134,28,648,No,-,36886,Branch,Used,F,54701.128,80110.446,44070,0.065,42374,44564,Economy,2003,65664.3,Y,Y,,,,,,,,,
128714566,384151763,23130,55,667,No,-,32873,Dealer,Used,V,54755.02236,92835.4098,61229,0.065,42365,44190,SUV,2003,81434.57,N,Y,,,,,,,,,
575523658,323780120,35811,20,559,No,-,42733,Dealer,Used,F,54856.98648,56376.9976,35032,0.105,43118,44943,Luxury Sedan,2003,46592.56,N,Y,,,,,,,,,
887728161,181813314,31167,33,688,No,-,35383,Dealer,Used,F,54995.50595,59231.634,34397,0.065,43026,44851,Mini-Van,2004,48155.8,Y,Y,,,,,,,,,
721508049,980730296,32185,30,559,Yes,610,38308,Dealer,Used,F,55084.33453,96936.651,63378,0.065,41936,44491,Economy,2001,84292.74,Y,Y,,,,,,,,,
191195127,530821117,28940,39,641,No,-,34775,Dealer,Used,V,55148.3719,88622.2134,57183,0.065,42427,44252,Mini-Van,2002,72050.58,Y,Y,,,,,,,,,
686481442,623300415,24878,50,634,No,-,36470,Branch,Used,F,55276.7288,75387.24,48140,0.065,42617,44442,Mini-Van,1999,64989,Y,Y,,,,,,,,,
635471075,379580828,22353,57,640,No,-,38485,Dealer,Used,F,55401.78036,64182.6471,41119,0.065,42755,45310,Luxury Sedan,2011,53043.51,N,Y,,,,,,,,,
314752281,994021754,30788,34,676,No,-,42431,Dealer,New,F,55567.60027,59704.6548,37569,0.065,42994,45184,SUV,2017,51469.53,N,Y,,,,,,,,,
722610580,311721584,23968,53,669,No,-,42166,Branch,Used,F,56393.50046,62168.516,41095,0.065,42927,45117,Muscle/Sport,2004,50957.8,N,Y,,,,,,,,,
559525836,499061714,29260,38,678,No,-,37616,Dealer,Used,F,57587.41191,79262.04,44700,0.065,42345,44900,Mini-Van,2010,63921,Y,Y,,,,,,,,,
566693987,799621428,32286,30,673,No,-,38154,Branch,Used,F,57815.11915,79575.4512,48333,0.065,42359,44914,Mini-Van,2006,71049.51,N,Y,,,,,,,,,
164154945,751410702,22589,57,646,No,-,31763,Dealer,Used,F,58205.51921,97863,62864,0.055,42012,44567,Mini-Van,2014,92410.08,Y,Y,,,,,,,,,
144385776,186091022,23307,55,649,No,-,40926,Dealer,Used,F,58313.20868,97863,63211,0.055,42198,44388,Luxury Sedan,2006,92920.17,N,Y,,,,,,,,,
466544334,815180610,30852,34,633,No,-,41265,Branch,Used,V,58501.96589,71129.904,42870,0.065,42709,44899,Truck,2004,58303.2,Y,Y,,,,,,,,,
778726841,324310129,28423,41,580,No,-,33684,Branch,New,F,58714.50488,68169.2928,44754,0.105,42876,44701,Mini-Van,2017,60865.44,Y,Y,,,,,,,,,
408858425,783800853,27650,43,649,No,-,35913,Dealer,Used,F,58944.00113,97721.1125,64609,0.065,42021,44576,Luxury Sedan,1996,80761.25,Y,Y,,,,,,,,,
875495276,332673336,33932,26,686,No,-,40387,Dealer,Used,F,58957.56017,61585.975,40718,0.065,43077,44902,SUV,2009,49268.78,N,Y,,,,,,,,,
513161423,696730121,29261,38,587,No,-,33172,Dealer,Used,F,59043.4081,79109.1,45465,0.105,42507,44697,Mini-Van,2009,65924.25,Y,Y,,,,,,,,,
729588364,811011392,28310,41,668,No,-,36796,Branch,Used,F,59194.41834,90762.0548,60299,0.055,42178,44733,Muscle/Sport,2010,85624.58,Y,Y,,,,,,,,,
832733448,844861713,32614,29,675,No,-,40760,Branch,New,F,59222.86002,80623.1349,45327,0.065,42516,44706,Mini-Van,2016,66630.69,Y,Y,,,,,,,,,
819357275,571500743,29209,38,642,No,-,41029,Dealer,New,F,59278.00832,79320.1464,52866,0.065,42541,44731,Mini-Van,2016,63967.86,Y,Y,,,,,,,,,
310056304,694240977,32261,30,657,No,-,37898,Dealer,New,F,59977.14606,83101.5648,50808,0.065,42475,44665,Economy,2016,71639.28,Y,Y,,,,,,,,,
969219310,783670212,25159,50,584,No,-,36640,Dealer,New,F,60360.23874,77168.7464,47506,0.105,42484,45039,Mini-Van,2016,62232.86,Y,Y,,,,,,,,,
854861662,751200600,29575,37,627,No,-,42372,Branch,New,V,60428.02071,70840.4664,39558,0.065,42709,45264,Truck,2016,58545.84,Y,Y,,,,,,,,,
823206225,717160057,33855,26,583,No,-,42484,Dealer,Used,F,60565.61532,69483.813,43610,0.105,42740,45295,Economy,2001,61490.1,Y,Y,,,,,,,,,
555582600,454901774,24529,51,667,No,-,38932,Branch,Used,F,60934.05511,75063.5544,44873,0.065,42598,45153,Muscle/Sport,2003,61027.28,Y,Y,,,,,,,,,
276683326,990280521,31483,32,633,Yes,673,41823,Dealer,New,F,62490.92208,81775.7226,50163,0.065,42677,44502,Mini-Van,2016,71733.09,Y,Y,,,,,,,,,
274011008,123200305,29147,39,631,No,-,36569,Dealer,Used,F,63129.72895,92493.336,58838,0.065,42222,44777,Truck,2006,77077.78,N,Y,,,,,,,,,
892306805,124190508,26897,45,625,No,-,41303,Dealer,Used,F,63942.87248,90208.7186,54418,0.065,42433,44623,Truck,2010,74552.66,Y,Y,,,,,,,,,
939945608,915511512,27740,43,673,No,-,31394,Dealer,Used,V,64168.20705,84550.323,50635,0.065,42435,44990,Mini-Van,2004,69876.3,N,Y,,,,,,,,,
163262769,878980207,31715,32,610,No,-,38672,Branch,New,F,64205.61504,95632.2532,60332,0.065,42216,44771,Truck,2015,79034.92,Y,Y,,,,,,,,,
813270281,717460049,24912,50,574,No,-,33860,Branch,New,F,64457.86335,82407.436,48418,0.105,42481,45036,SUV,2016,71658.64,Y,Y,,,,,,,,,
457984937,755590624,32990,28,632,No,-,40135,Dealer,New,F,64541.29515,76201.944,41860,0.065,42793,44983,Mini-Van,2017,61952.8,Y,Y,,,,,,,,,
445952935,783841301,31338,33,665,No,-,37264,Dealer,Used,F,65055.11004,97863,60505,0.055,42503,44328,Truck,2001,90757.5,N,Y,,,,,,,,,
923103552,201020112,26546,46,613,No,-,40177,Dealer,New,F,66201.63472,76162.5936,48302,0.055,42789,45344,Mini-Van,2017,70520.92,Y,Y,,,,,,,,,
205828591,829700023,26888,45,567,No,-,41887,Dealer,Used,F,66950.77312,72494.8268,48317,0.105,42958,45148,Mini-Van,2016,59913.08,Y,Y,,,,,,,,,
501694027,154761304,24072,53,674,No,-,37109,Branch,Used,F,67048.49303,91794.622,60985,0.055,42396,44951,Truck,1998,86598.7,Y,Y,,,,,,,,,
559382345,305571480,29786,37,670,No,-,34404,Branch,Used,F,67079.09675,90967.0608,58696,0.065,42372,44927,Muscle/Sport,2009,73956.96,Y,Y,,,,,,,,,
510888334,953982833,31621,32,684,No,-,35932,Branch,Used,F,67458.82403,92001.366,54959,0.065,42625,44450,Mini-Van,2008,74194.65,Y,Y,,,,,,,,,
755993567,520880906,31538,32,649,No,-,40128,Branch,New,F,68021.91079,82704.776,54670,0.065,42714,44904,Truck,2016,67790.8,Y,Y,,,,,,,,,
128894732,561821348,24383,52,672,No,-,42807,Dealer,New,F,68123.60342,77117.6052,42363,0.065,42807,45362,SUV,2017,62697.24,N,Y,,,,,,,,,
325909436,294494330,23798,53,691,No,-,37628,Branch,Used,V,68270.53794,89955.7008,54138,0.065,42436,44991,Luxury Sedan,1999,72544.92,Y,Y,,,,,,,,,
875003121,227152021,27750,42,677,No,-,36060,Branch,New,F,69280.05667,71745.6136,41414,0.065,43077,45267,Mini-Van,2017,58807.88,N,Y,,,,,,,,,
955750254,307534167,22686,56,694,No,-,27774,Branch,New,F,69627.47855,96472.62,56916,0.065,42464,44654,SUV,2016,85374,N,Y,,,,,,,,,
513595627,575970306,27582,43,636,No,-,40241,Dealer,Used,F,69654.9028,93028.545,55873,0.065,42663,44488,Truck,2006,83809.5,N,Y,,,,,,,,,
602664185,366650425,30360,35,626,No,-,35680,Branch,Used,F,69715.59801,91859.7636,57513,0.065,42449,45004,Mini-Van,2008,75917.16,Y,Y,,,,,,,,,
961748452,472990151,25033,50,617,No,-,35887,Branch,New,F,69724.2391,71760.4864,45568,0.065,43105,44930,SUV,2018,57871.36,N,Y,,,,,,,,,
775950237,307201472,28279,41,665,No,-,40402,Dealer,Used,V,69768.77977,97492.7184,59563,0.065,42331,44886,SUV,2002,78623.16,Y,Y,,,,,,,,,
467442047,598351427,32536,29,662,No,-,38268,Branch,Used,F,70349.64068,86855.8875,49989,0.065,42782,44607,Mini-Van,2004,69484.71,Y,Y,,,,,,,,,
262207345,759930856,30278,36,652,No,-,38587,Dealer,Used,F,70492.38996,81665.0324,52933,0.065,42744,45299,Luxury Sedan,2002,70400.89,N,Y,,,,,,,,,
293955465,979601134,26775,45,649,No,-,33174,Dealer,New,F,71380.44171,83680.116,52520,0.065,42711,45266,Mini-Van,2016,74053.2,Y,Y,,,,,,,,,
379297697,396593620,27208,44,685,No,-,34398,Dealer,Used,F,71886.6459,97863,60884,0.065,42513,44703,Mini-Van,2000,79758.04,Y,Y,,,,,,,,,
782049297,418950244,28480,40,562,No,-,34471,Branch,Used,F,73151.0805,80924.2005,49907,0.105,42956,44781,Mini-Van,2003,70368.87,N,Y,,,,,,,,,
712144441,396922008,24305,52,664,No,-,33457,Dealer,Used,F,73224.25924,76750.5375,41769,0.065,43042,45232,Truck,2000,61400.43,N,Y,,,,,,,,,
677401501,940782910,25337,49,694,No,-,40810,Dealer,Used,F,74016.33997,94863.6864,53998,0.065,42497,45052,Truck,2006,77757.12,N,Y,,,,,,,,,
247026414,496172250,25019,50,669,No,-,42512,Branch,New,F,75559.28943,96841.221,64535,0.065,42512,45067,SUV,2016,79378.05,Y,Y,,,,,,,,,
490786425,962100890,26975,45,646,No,-,41262,Branch,Used,F,75746.65699,97863,64501,0.055,42502,45057,Muscle/Sport,2014,92236.43,N,Y,,,,,,,,,
945793485,568831024,28601,40,651,No,-,42409,Dealer,Used,F,75808.30183,85816.874,49190,0.065,42814,45369,Mini-Van,1999,70341.7,Y,Y,,,,,,,,,
374757195,517471758,31167,33,660,No,-,35277,Branch,New,F,76431.4553,91809.3033,58773,0.065,42673,45228,SUV,2016,74641.71,Y,Y,,,,,,,,,
608969435,861300684,30636,35,634,No,-,42352,Branch,New,F,76800.25876,96278.35,55412,0.065,42671,44861,Economy,2016,77022.68,Y,Y,,,,,,,,,
780542355,898271033,27644,43,652,Yes,680,35067,Dealer,New,F,78613.04718,92816.0336,50236,0.065,42767,44957,Mini-Van,2017,74851.64,Y,Y,,,,,,,,,
838119178,966521831,27810,42,667,No,-,39010,Branch,New,F,78895.12199,97863,64038,0.055,42607,45162,Mini-Van,2016,91574.34,Y,Y,,,,,,,,,
188802334,320960503,26548,46,633,No,-,30595,Dealer,New,F,81338.43782,95491.1286,63483,0.055,42880,44705,Truck,2017,87606.54,N,Y,,,,,,,,,
513304843,749262193,24641,51,672,No,-,34369,Dealer,Used,F,81471.17167,97863,55060,0.065,42668,45223,Muscle/Sport,2008,80938.2,Y,Y,,,,,,,,,
388205464,925383486,25037,50,691,No,-,40251,Branch,New,F,83478.66257,97863,59982,0.065,42735,45290,Muscle/Sport,2016,88173.54,N,Y,,,,,,,,,
478142157,291650139,29357,38,556,No,-,34850,Dealer,Used,F,85599.95109,97863,64327,0.095,42831,45021,Mini-Van,2013,94560.69,Y,Y,,,,,,,,,
959524835,220460251,29811,37,590,No,-,38615,Dealer,New,F,88099.37912,97863,56002,0.105,42827,45382,Luxury Sedan,2017,84003,N,Y,,,,,,,,,
791930003,314880915,28946,39,648,No,-,38552,Dealer,Used,F,89758.45249,95243.204,55763,0.065,43011,45201,Mini-Van,2007,78068.2,Y,Y,,,,,,,,,
580684957,855861025,26090,47,648,No,-,40605,Branch,Used,F,90864.03389,97863,61665,0.065,43039,44864,Luxury Sedan,2009,79547.85,N,Y,,,,,,,,,